VTuber ID,Video Type,Title,Publish Time,URL,Thumbnail URL
33546b9ad5a8408589405f9467063dd7,live,âœ§ê™³â—Œ â‚“ å•µå•µå¦® @boni_0x0 â‚“ â—Œê™³âœ§ å¤¢æƒ³æœ‰ç´«è‰²å‹¾å‹¾ï¼å¹«å•µå•µæ›æ›æ©Ÿï¼è¬è¬ä½ ï¼âœ§ â‚“ê™³ â—Œ Apex â—Œ â‚“ ê™³,2025-01-31T14:05:01Z,https://www.twitch.tv/boni_0x0,https://static-cdn.jtvnw.net/previews-ttv/live_user_boni_0x0-{width}x{height}.jpg
626750f4e7a745619c171c44fb1efcc0,live,æ‹šç´«å‹¾å‹¾è¡åˆºä¸­ æ›å°æŠ½ä¸€å–®ã€æ°¸æ†è¼ªè¿´ã€‘02/01 æ‹ç«‹å¾—&é‡‘å±¬ç•«ç«¶æ¨™ ERæ‰“æ‰“ç‰Œä½çœ‹è‡ºæ‹¿å¿ èª æ¯å‘¨æŠ½NPè·Ÿä¸€å–®ã€å¤©ä½¿Vtuberå°é›ªYukichanã€‘#å°ç£Vtuber #Vtuber #EternalReturn,2025-01-31T19:48:48Z,https://www.twitch.tv/hosinoyasetsu,https://static-cdn.jtvnw.net/previews-ttv/live_user_hosinoyasetsu-{width}x{height}.jpg
04e61f47cdf542c7b5a3b3ae569fc021,live,æ›æ©Ÿæ›æ©Ÿ | ä¸»æ’­è‡¨æ™‚æœ‰äº‹ æœƒç›¡å¿«æœƒä¾†(æ‡‰è©²) æ–°å¹´å¿«æ¨‚! |,2025-01-31T21:02:39Z,https://www.twitch.tv/happiegrassie,https://static-cdn.jtvnw.net/previews-ttv/live_user_happiegrassie-{width}x{height}.jpg
fbd0d260a09c47b1a9dcc73fd41e7eca,live,2/1å®‡ç´«é†¬â˜” â”‚åŒ…è²¨ â”‚ FF44 (å…­æ—¥) æ”¤ä½ç·¨è™Ÿï¼šN41ã€N42 â”‚,2025-02-01T01:52:35Z,https://www.twitch.tv/h6x6h,https://static-cdn.jtvnw.net/previews-ttv/live_user_h6x6h-{width}x{height}.jpg
dfa5fefa546a40d5a677ddfff02ff3e1,live,ã€ä¸ç¡è¦ºåŠ ç­å°ã€‘ä¸Šé™42å°æ™‚ !åŠ ç­ !è½‰ç›¤   @rubyvalentine_,2025-02-01T07:02:31Z,https://www.twitch.tv/rubyvalentine_,https://static-cdn.jtvnw.net/previews-ttv/live_user_rubyvalentine_-{width}x{height}.jpg
8e858eb26f3b4ca2beab2baccc887893,live,ğŸŒ™ã€æˆ‘æ˜¯10é»åŠå°±æ´—æ¾¡ä¸ŠåºŠç¡è¦ºçš„å¥½å¯¶å¯¶ã€‘ éå¹´ä¸é—œå°~ @lanningyue,2025-02-01T07:19:52Z,https://www.twitch.tv/lanningyue,https://static-cdn.jtvnw.net/previews-ttv/live_user_lanningyue-{width}x{height}.jpg
76165d25983b463eaa1da66c86a32b7c,live,ã€æ—¥å¸¸ã€‘åœŸè±†åœ°é›·å¤œå½©ä¸Šç·šå•¦UwU   @yorurovtuber ã€é›ä¹‹æ£®Ainomoriã€‘|ã€å¤œå½©Yoruroã€‘æ„Ÿè¬æªåœ˜: @laozhangmy @blackbee231010,2025-02-01T08:23:29Z,https://www.twitch.tv/yorurovtuber,https://static-cdn.jtvnw.net/previews-ttv/live_user_yorurovtuber-{width}x{height}.jpg
6c7336d4605540c6871de5f96874129c,live,è§€çœ¾å ´ | !æƒ…äººç¯€ !é­”å„² | æ›å°é–‹5%éŸ³é‡â™ª | @mibao1013,2025-02-01T14:28:41Z,https://www.twitch.tv/mibao1013,https://static-cdn.jtvnw.net/previews-ttv/live_user_mibao1013-{width}x{height}.jpg
f479e1403f614727a5f2a2be339bad74,live,0202ã€åŠ ç­å°day209 ã€‘ä¾†é‚„å‚µäº† è·Ÿå¤¢å¨œä¸€èµ·æé¬¼è¢«åš‡ @chalortti,2025-02-01T16:00:45Z,https://www.twitch.tv/chalortti,https://static-cdn.jtvnw.net/previews-ttv/live_user_chalortti-{width}x{height}.jpg
a9396c8dd95e43b29c694b14afa07ac4,live,ä½ æ˜¯æˆ‘çš„å¸•é­¯ï½œå¥½æƒ³è¦é‚£å€‹é…·é…·çš„ç´…åŒ…ï½œ!åŠ ç­ï½œ!æ¸›ç­ï½œä¹¾çˆ¹æ–—éŒ¢éŒ¢ï¼Œæ¶…ç±³éå¹´å¹´,2025-02-01T17:42:18Z,https://www.twitch.tv/mihiru0110,https://static-cdn.jtvnw.net/previews-ttv/live_user_mihiru0110-{width}x{height}.jpg
887b37336c9c4730809ace8b5e38df17,live,æ–°æ˜¥éœ²æˆ°éšŠğŸ§§åƒµå±å·¥ç¨‹ğŸ§Ÿâ€â™€ï¸P5 ^â¦á‘-^ à©­ï½œğŸ§¨æ–°å¹´PCæ¡Œå¸ƒé ˜å–.áŸ â€¿âœ¦ !dc !MP !é­”æ³•å·¥åŠ,2025-02-01T23:04:53Z,https://www.twitch.tv/isyourlulu,https://static-cdn.jtvnw.net/previews-ttv/live_user_isyourlulu-{width}x{height}.jpg
caf08c74dd7b4919bca49eef394d5475,live,ã€é›€é­‚ã€‘éº»å•Šã„‰ã„…å•Š  Ê•â¸â¸â¸Oâ°™OÊ” ï½œæ„Ÿè¬æªåœ˜ï¼æ„Ÿè¬è¿½éš¨ï¼æ„Ÿè¬æ›å°ï½  !ç°½åˆ° !DC !YT !IG !X !bsky ï½œæ¨æ¨å¯¶ @mayko0327 @sunya_owo,2025-02-02T01:02:05Z,https://www.twitch.tv/molilyqq,https://static-cdn.jtvnw.net/previews-ttv/live_user_molilyqq-{width}x{height}.jpg
1357f282a9f04f6cbe3e215a0bd20482,live,ğ•”ğ• ğ•£ğ•˜ğ•š  æ–°æ˜¥æœ€å¾Œä¸€å¤© ï½¡ï¾Ÿ(ï¾ŸÂ´Ï‰`ï¾Ÿ)ï¾Ÿï½¡ ä¾†é™ªæœ¬å¯¶å¯¶è®€æ›¸  -`Ğ´Â´- æˆ‘åˆç¡åˆ°12é»,2025-02-02T04:16:32Z,https://www.twitch.tv/mathchiwawa,https://static-cdn.jtvnw.net/previews-ttv/live_user_mathchiwawa-{width}x{height}.jpg
a823412858b749f7bd2bff3739ec55b7,live,ã€é›€é­‚ã€‘é›€é­‚åƒåŠ å‹ï¼Œæ‰“æ‰“éº»å°‡èŠèŠå¤©,2025-02-02T04:31:00Z,https://www.twitch.tv/shiratsukiren,https://static-cdn.jtvnw.net/previews-ttv/live_user_shiratsukiren-{width}x{height}.jpg
63a55bc5320e4f148ed0abd7991b0e01,live,è•¾å¦®ï½œ2/2 ç•¶å€‹å¤ªç©ºäºº !cover !å‘¨é‚Š !é´ç½,2025-02-02T05:47:30Z,https://www.twitch.tv/reneesnowy,https://static-cdn.jtvnw.net/previews-ttv/live_user_reneesnowy-{width}x{height}.jpg
e63fe9e27be44403b222fb0319c027b6,live,2/2 æ†æƒœå¸•é­¯ï¼Œç†è§£å¸•é­¯ï¼Œæˆç‚ºå¸•é­¯ï¼Œå–”ä¸ï¼Œæˆ‘æ—©å·²æ˜¯å¸•é­¯... åŠ ç­Day50 | !åŠ ç­!æªåœ˜,2025-02-02T05:54:33Z,https://www.twitch.tv/hitomiohlala,https://static-cdn.jtvnw.net/previews-ttv/live_user_hitomiohlala-{width}x{height}.jpg
a3bbe09809e141e5b0658a79ba63f977,live,ã€ä¹‹æ²™Zssaã€‘è¦é–‹ä¸€è¼©å­å¡è»Šå–” | æ­å¡é›œè«‡å° | æ­¡è¿ä¾†èŠå¤©æˆ–æ›å°è½éŸ³æ¨‚/æ‹¿å¿ èª é» | @zssa_alton | æœ¬å°æ”¯æ´7tvâ†’ !7tvã€2/2ã€‘,2025-02-02T06:04:01Z,https://www.twitch.tv/zssa_alton,https://static-cdn.jtvnw.net/previews-ttv/live_user_zssa_alton-{width}x{height}.jpg
644e669aa31443fe9a61a14e75ebd21e,live,ã€æ ¼æ—è«¾è¾°ã€‘ä»Šå¤©å¤©æ°£å¾ˆå¥½ å¯æ˜¯æ˜å¤©å¥½åƒè¦é™æº«â”‚ @nouchen_ â”‚02/02,2025-02-02T06:07:36Z,https://www.twitch.tv/nouchen_,https://static-cdn.jtvnw.net/previews-ttv/live_user_nouchen_-{width}x{height}.jpg
8ae87582ab1e4b31bfd38310afda77bd,live,âœ02/02âœŸ ã€Šç¹ªç•«ã€‹é‚Šç•«æƒ…äººç¯€åœ–é‚ŠèŠå¤©  @karit0920  âœŸ æŒ‡ä»¤: !dc !rules !x !æˆ‘è¦å…¨éƒ¨,2025-02-02T06:10:56Z,https://www.twitch.tv/karit0920,https://static-cdn.jtvnw.net/previews-ttv/live_user_karit0920-{width}x{height}.jpg
6d76e6b27f164061a216ec2831bd8dd3,live,æ˜å¤©è¦é–‹å§‹ç©ææ€–éŠæˆ²äº†!å«åš [ä¸Šç­],2025-02-02T06:13:14Z,https://www.twitch.tv/eihraz,https://static-cdn.jtvnw.net/previews-ttv/live_user_eihraz-{width}x{height}.jpg
29e2c3ae8e4d48f29fb3b89c463abb1c,live,ã€é™ªä½ éå¹´Day9ã€‘ç“¦ç¾…è˜­è¯å‹•æ™‚é–“ï¼ @aone_nao_0x0  @Kusubashi_Shiya    @shiliyahamster  @beiyue_cup ï½œèˆå¦®è“åˆ—à«® ãƒ»ï»Œãƒ»áƒ,2025-02-02T06:18:37Z,https://www.twitch.tv/vtlabrador0118,https://static-cdn.jtvnw.net/previews-ttv/live_user_vtlabrador0118-{width}x{height}.jpg
dbbb8592c30840c8b00ae8091a684e5c,live,ã€Šå°é¢¯é¢¯ã€‹å•Šå“ˆ å°é¢¯é¢¯å›ä¾†å•¦~ å¹«æˆ‘æ›å°æ‹œè¨—~ | coså»¶æœŸ æ™‚é–“å¦è¡Œå…¬å‘Š  | é™è½åˆè¦‹å¤§æ„Ÿè¬ | !dc |,2025-02-02T06:34:16Z,https://www.twitch.tv/xiaosasa_,https://static-cdn.jtvnw.net/previews-ttv/live_user_xiaosasa_-{width}x{height}.jpg
16e0b967de004b45b5c10302382ad43e,live,ã€Daizã€‘02/02éŠé›œ|é–‹çœ‹èƒ½é–‹å¤šä¹…|æ›å°éŸ³é‡5%ã€åŠ ç­å°ã€è½‰ç›¤ã€æ­¡è¿æ•²é–€|é›€é­‚| @37daiz  |shoutout,2025-02-02T06:39:35Z,https://www.twitch.tv/37daiz,https://static-cdn.jtvnw.net/previews-ttv/live_user_37daiz-{width}x{height}.jpg
89036aadc62d496aa73c0a0076d67f41,live,ã€åŠ ç­å°Day157ã€‘Sky Factory 5!!ã€ç´…è‘‰è°·ã„ã¤ã/ç´…è‘‰è°·å¹¾æœˆã€‘!åŠ ç­ !DC,2025-02-02T06:53:42Z,https://www.twitch.tv/ooouuo,https://static-cdn.jtvnw.net/previews-ttv/live_user_ooouuo-{width}x{height}.jpg
45e104a6eabe4967a6cb84e720dd8e74,live,ã€åˆäº”å¯¦æ³å°ã€‘æ”¶å¿ƒå°ï¼åšé£¯ã€å¯«ä¼åŠƒ,2025-02-02T06:58:11Z,https://www.twitch.tv/mijiaoas,https://static-cdn.jtvnw.net/previews-ttv/live_user_mijiaoas-{width}x{height}.jpg
483a76d7ad1d464aa290606959ddddec,live,åˆè¦‹IBï¼ç›®æ¨™æ˜¯é»‘é¾!!!ï½œæ­¡è¿æŒ‚å° æªåœ˜,2025-02-02T07:02:57Z,https://www.twitch.tv/timu_desu,https://static-cdn.jtvnw.net/previews-ttv/live_user_timu_desu-{width}x{height}.jpg
aef2ed42d49343f28394b6335695b5ac,live,ã€ç§§é›²ã€‘2/2ã€äººé¾8ã€‘æ„Ÿè¬æªåœ˜~æ„Ÿè¬è¿½éš¨~æ„Ÿè¬æ›å°~âà¼¼ â—“ï¹ƒâ—”à¼½â | @yuncream æŒ‡ä»¤:!SRã€!songlistã€!DCã€!æ–—å…§ | ft.,2025-02-02T07:04:48Z,https://www.twitch.tv/yuncream,https://static-cdn.jtvnw.net/previews-ttv/live_user_yuncream-{width}x{height}.jpg
83ec4919298a4ad5984e3da31109a4c8,live,ğŸˆç³°â”Š0202 - å‡è¦æ”¾å®Œå›‰â”Š!è‡ªä¸» !é­”å„²â”Š @umidan1207,2025-02-02T07:07:40Z,https://www.twitch.tv/umidan1207,https://static-cdn.jtvnw.net/previews-ttv/live_user_umidan1207-{width}x{height}.jpg
d8b5835bc6aa46119cc7ddd4447e780f,live,0202ã€å’˜å°æ˜Ÿã€‘VIPçºŒç´„åˆ°ä»Šå¤©â­!å‘¨é‚Š !å§”è¨— !å•†åº— !é­”å„²âà¼¼  â—• 3 â—•â‹† à¼½â ,2025-02-02T07:09:01Z,https://www.twitch.tv/ssstar_180,https://static-cdn.jtvnw.net/previews-ttv/live_user_ssstar_180-{width}x{height}.jpg
c08ae8d7412d407c8b233f6e445d081c,live,The Legend of Heroes: Trails to Azure,2025-02-02T07:20:02Z,https://www.twitch.tv/bk20112,https://static-cdn.jtvnw.net/previews-ttv/live_user_bk20112-{width}x{height}.jpg
99f6f80397b34d0b9a0cfd40f3801a35,live,ã€ğŸ’œå¯å¯ã€‘é¾ä¹‹å†’éšªéº¥å¡ŠGOGOï½œ@cocor0_0303 | !æ·±åº¦æœƒå“¡ !èƒ–å¯ç›Ÿ !é­”å„² !YT !DC !æ­Œå–® !åƒ,2025-02-02T07:22:57Z,https://www.twitch.tv/cocor0_0303,https://static-cdn.jtvnw.net/previews-ttv/live_user_cocor0_0303-{width}x{height}.jpg
843d99233b474827a2f0bc417ffd3852,live,ã€æŠ¹èŒ¶ã€‘02/02ï½œåŠ ç­Day3 æŠ¹èŒ¶èŒ¶ä¸å®œå‡ºé–€ â™¡ æ–°å¹´åŠ ç­å°å•Ÿå‹•ï½œ @isuzumaccha ï½œ!é­”å„² !å§”è¨— ğŸµ #èŒ¶å®¤ç‡Ÿæ¥­ä¸­,2025-02-02T07:34:48Z,https://www.twitch.tv/isuzumaccha,https://static-cdn.jtvnw.net/previews-ttv/live_user_isuzumaccha-{width}x{height}.jpg
5908563b5c944c7b919b08e5233a8a5a,live,2/2 æˆ‘è¢«è‚‰åŒ…é¤¡å®³äº†ï½œ @liangxliang  !æŒ‡ä»¤ !å°¿å¸ƒ !è£½è‚¥,2025-02-02T07:42:53Z,https://www.twitch.tv/liangxliang,https://static-cdn.jtvnw.net/previews-ttv/live_user_liangxliang-{width}x{height}.jpg
9d9c6477329245cbb2557895f4f15686,live,/á . Ì« .áŸ\ 2/2 çš®çš®PZæœ å¾®RPæ’¿åƒåœ¾å†’éšªå•Ÿå‹• .áŸ.áŸ DCè‡ªä¸»è¨‚é–±ç¦åˆ©æ›´æ–°æ¾€åœ–å›‰ Ù©ê’°á› ( á– ê’±Û¶ !è²¼åœ– !æ»‘é¼ å¢Š,2025-02-02T07:59:34Z,https://www.twitch.tv/iitifox,https://static-cdn.jtvnw.net/previews-ttv/live_user_iitifox-{width}x{height}.jpg
793ec2d37c544cc7915d3dc3e9902e1d,live,ã€ç¥ç¸åŠ ç­å°Day.5ã€‘ä»Šå¤©è¦è¢«ç¥ç¸å®¶äººæŠ“å»æ‰“éº»å°‡W|æ­¡è¿æ›å°èŠå¤©~ !DC!é­”å„²!ã„ã„§ã„¤å’ª!è€³è†œ @kozukiyuki_0710 è€å©†: @mohumew,2025-02-02T08:00:36Z,https://www.twitch.tv/kozukiyuki_0710,https://static-cdn.jtvnw.net/previews-ttv/live_user_kozukiyuki_0710-{width}x{height}.jpg
619f48c4546c481bbc52aadc12c3e48f,live,âœ¦Astral Partyâœ¦ 2.02ï½œä»Šå¹´ã„‰æ¾é¼ æœƒæœ‰å¤§è½‰è®Š!!! æ¨ç‰¹æœ‰æŠ½çæ´»å‹•!!!ï½œ!æŒ‡ä»¤ !è³­æ¾æœï½œ @ritta_tta @xiaomao_0317,2025-02-02T08:00:39Z,https://www.twitch.tv/ritta_tta,https://static-cdn.jtvnw.net/previews-ttv/live_user_ritta_tta-{width}x{height}.jpg
be1a18aa8599409ba250e5345e62fed6,live,2025/2/2ã€ç©éŠæˆ²ã€‘åªæ¸›ä¸åŠ çš„åŠ ç­å°ï¼é€™éŠæˆ²æ€éº¼ç©ï¼Ÿ Ù©(à¹‘ËƒÌµá´—Ë‚Ìµà¹‘)Û¶ ï½œ!ç´…åŒ…åˆ—è»Šï½œäºŒæœˆä»½è¨‚é–±çå‹µå·²å…¬å¸ƒï½œæ­¡è¿æ›å°è¿½éš¨ @kisa0921,2025-02-02T08:06:52Z,https://www.twitch.tv/kisa0921,https://static-cdn.jtvnw.net/previews-ttv/live_user_kisa0921-{width}x{height}.jpg
9b33b75521bd43bca3346790ac65559c,live,â‹† è»ç¥ ğ““ğ“®ğ“ªğ“»  â‹†    2/2 ä»Šæ—¥å¾è»ğŸŒ±  à«®â€¢Íˆ ğ–¥¦ Ë‚áƒ   @mtow9140  ğŸ¬    | !æ–°å¹´ä¼åŠƒ  !YT,2025-02-02T08:14:35Z,https://www.twitch.tv/mtow9140,https://static-cdn.jtvnw.net/previews-ttv/live_user_mtow9140-{width}x{height}.jpg
bd7947d2357941039893b911b18f3b4c,live,02/02ã€Grim Dawnã€‘äººé¡åˆè¢«æ¯€æ»…äº†ä¸€æ¬¡ï¼Œä½†...,2025-02-02T08:21:48Z,https://www.twitch.tv/minazukitouka,https://static-cdn.jtvnw.net/previews-ttv/live_user_minazukitouka-{width}x{height}.jpg
ba562aad440d483e988d3ce7e7217c94,live,[è²“å®®é¦™è‰]  2/2 é¹¹é­šè²“è²“  41ç‰ˆ ï¼Œ æƒ³å„²å€¼æ‰¾MEé­”å„² !é­”å„² !DC,2025-02-02T08:28:38Z,https://www.twitch.tv/vanilla_shironeko,https://static-cdn.jtvnw.net/previews-ttv/live_user_vanilla_shironeko-{width}x{height}.jpg
29a3d514ca274f6fb966f9d70bed4b52,live,2/2 ä»Šæ—¥ä¸€å®š! (*Â´ï¹ƒï½€*) | æ­¡è¿æ›å° |,2025-02-02T08:35:57Z,https://www.twitch.tv/morinoaki_,https://static-cdn.jtvnw.net/previews-ttv/live_user_morinoaki_-{width}x{height}.jpg
0a55a882e4ae4a1e9c1e77ea001aa91b,live,ã€éš¨å¿ƒã€‘è²¡ç¥æ˜¯è²¡ç¥| FT.  | æ¨è–¦. @mine_uncle @elysiumlica @mo_chen_ @chen_520 @siati1021 | #æ›,2025-02-02T08:36:44Z,https://www.twitch.tv/sueisin,https://static-cdn.jtvnw.net/previews-ttv/live_user_sueisin-{width}x{height}.jpg
2a20316d245d406193331300bb44fdec,live,ã€å¯å¯æ´›å¸Œäºã€‘2/2 äºŒæœˆäºŒè™Ÿæ˜¯ä¸æ˜¯ä»€éº¼è²“è²“æ—¥é˜¿ !è½‰ç›¤  âœ,2025-02-02T08:56:41Z,https://www.twitch.tv/cocoroshiya,https://static-cdn.jtvnw.net/previews-ttv/live_user_cocoroshiya-{width}x{height}.jpg
13c69e2cf2ff4dc1907bbae9a87a8c0f,live,ã€ç ”ç ”èŸã€‘ç“¦åˆ°é¼ ï¼Œä»Šå¤©ä¸çŸ¥é“uæ²’uå…„å¼Ÿç“¦ï½œ!ç‰Œä½!éšŠå‹ï¼Œçœ‹å°è£7TV @yanyantuuwu @niponipon1,2025-02-02T09:00:03Z,https://www.twitch.tv/yanyantuuwu,https://static-cdn.jtvnw.net/previews-ttv/live_user_yanyantuuwu-{width}x{height}.jpg
f8ade397837d42f7a9167e0d4f20fc56,live,2/2 poppy play time 4  ä¸æœƒæŠŠæˆ‘åš‡æ­»å§,2025-02-02T09:00:34Z,https://www.twitch.tv/kurokiri_teikou,https://static-cdn.jtvnw.net/previews-ttv/live_user_kurokiri_teikou-{width}x{height}.jpg
a6815e229f914db2a936ad70c285cea2,live,æ–°å¹´è€ä¹… GO! |ã€å°æœˆæœˆ | @small_moonmoon ã€‘,2025-02-02T09:10:47Z,https://www.twitch.tv/small_moonmoon,https://static-cdn.jtvnw.net/previews-ttv/live_user_small_moonmoon-{width}x{height}.jpg
e58a5a6f40e040d79bbcd139824d6fc7,live,2/2 â‚á¢.â€¸.á¢â‚â‘… oã€é›¨å’©ã€‘æ–°å¹´æ‹š7000è¿½ è€ä¹…å°!! åˆäº”æ‹‰~ DCå¯ä¸‹è¼‰è¨‚é–±æ¡Œå¸ƒ.å°ˆå±¬é¼ æ¨™å”·~ | è‡ªä¸»è¨‚é–±åŠ å¼·ç‰ˆè«‹æ±‚æ”¯æ´~é›¨å¯¶å€‘!  æ„Ÿè¬å¤§å®¶å¹«å¿™æ›å°â™¡ | !ç°½åˆ° !é­”å„² è¼¸å…¥å„ªæƒ ç¢¼é ˜å–æŠ˜åƒ¹å· | @yumie0306,2025-02-02T09:32:24Z,https://www.twitch.tv/yumie0306,https://static-cdn.jtvnw.net/previews-ttv/live_user_yumie0306-{width}x{height}.jpg
e18c43e19e9b4fc8af0cdc24c33ae476,live,02/02  |è§€çœ¾å ´ äºŒæœˆäº†å˜»å˜» åŠ ç­Day4 !dc !åŠ ç­ |æ›å°è¦ç•™5%éŸ³é‡ | !æ›è¶…éå››å°ä¸ç®—!,2025-02-02T09:34:28Z,https://www.twitch.tv/hedgehog259,https://static-cdn.jtvnw.net/previews-ttv/live_user_hedgehog259-{width}x{height}.jpg
f7758d944fd8438a86bfe1235c7bcd17,live,æ¼«å¨å•Ÿå‹•äºº  !DC  @linssword,2025-02-02T09:43:48Z,https://www.twitch.tv/linssword,https://static-cdn.jtvnw.net/previews-ttv/live_user_linssword-{width}x{height}.jpg
cd38e82545b04cb8a3e047fe41f2ba40,live,âœ§å€ªæªæ–¯Nyx âœ¦0202 ç¡å¤ªå¤šäº† æ™šä¸Šæ€éº¼è¾¦ æˆ‘ä¸æƒ³ä¸Šç­,2025-02-02T09:52:06Z,https://www.twitch.tv/nyx_boshi,https://static-cdn.jtvnw.net/previews-ttv/live_user_nyx_boshi-{width}x{height}.jpg
f36c774fbf4847e1afdf66a1e4806ea3,live,0202â€¢ã€ä¸€å‘¨å¹´ã€‘â€¢ é€™ä¸€å¹´ä¾†è¬è¬å„ä½å•¦,2025-02-02T10:01:04Z,https://www.twitch.tv/rivia1122,https://static-cdn.jtvnw.net/previews-ttv/live_user_rivia1122-{width}x{height}.jpg
b8495fc4bb174140acf0ebd7d64fe044,live,é¾è©©æˆ°çˆ­!å°ˆå¿ƒä¸»ç·šæ—¥ã€å°è‰ã€‘,2025-02-02T10:10:00Z,https://www.twitch.tv/lilaccat2020,https://static-cdn.jtvnw.net/previews-ttv/live_user_lilaccat2020-{width}x{height}.jpg
8ba365057cdb4ba5ba9c27c02c7c7f3d,live,ã€ çª ã€‘é€™æ˜¯æ‚¨æ‰è½çš„SSRä¸»æ’­å˜›ï¼Ÿï½œå”±æ­Œå­¸ç¿’ä¸­ï½œ ï¼ hebai1014,2025-02-02T10:11:53Z,https://www.twitch.tv/hebai1014,https://static-cdn.jtvnw.net/previews-ttv/live_user_hebai1014-{width}x{height}.jpg
5000b613025542c498cd6ab2287865c6,live,â›… â°Â² / â‚€â‚â›…å…¨æ–°æ´»å‹•é–‹å§‹å•¦!è®“æˆ‘å€‘ä¸€èµ·å‰å¾€å‡Œé¢¨å³¶!! !å‡Œé¢¨å³¶ â›æ›å°æ„Ÿè¬â› @nekoa_o,2025-02-02T10:32:20Z,https://www.twitch.tv/nekoa_o,https://static-cdn.jtvnw.net/previews-ttv/live_user_nekoa_o-{width}x{height}.jpg
3e269031fb4b45aaa0906ca424190ce2,live,â‚Šâº 2/2 æ”¶å‡äº† æˆ‘å¥½åƒæ‰­åˆ°è…° æˆ‘å¥½ç—› 0-0  â€–  !é­”å„² !LINE !DC  â€– @umii_u â¸œâ™¡â¸,2025-02-02T10:33:28Z,https://www.twitch.tv/umii_u,https://static-cdn.jtvnw.net/previews-ttv/live_user_umii_u-{width}x{height}.jpg
47cd428eee8640cb80afaa4ef9bb55e0,live,[FFXIV]ç¹¼çºŒçµ•ç¥å…µåç‰¢dayï¼Œä»Šå¤©æ‡‰è©²æœƒéå§???,2025-02-02T10:39:20Z,https://www.twitch.tv/shimotsukinoyouko,https://static-cdn.jtvnw.net/previews-ttv/live_user_shimotsukinoyouko-{width}x{height}.jpg
de8c5ca15afd4534a822e5a1a9c2784e,live,[EN/ä¸­æ–‡] 0202 0202020202020| !YT !DC !æ›å° @yakodoko,2025-02-02T10:47:04Z,https://www.twitch.tv/yakodoko,https://static-cdn.jtvnw.net/previews-ttv/live_user_yakodoko-{width}x{height}.jpg
d45c287a84b6485e8ff3400cf50f5db7,live,âœ§ è¢«å…”å­æ‹ä¾†ç©Picopaï½œéº»å°‡æ‰“å¤ªå¤šï¼ŒPPå¥½ç—›...ï½œ0202ï½œ @can1021 ã€ç½ç½ã€‘!7tv !é­”å„² !å§”è¨— ft.é›¨å’©ç©ºçš„çš®åŒ….å—šå’ªå¥½åƒ.æµ·å“¥å“¥å¤§è€é—†.ç½ç½å¤§è€é—†.é˜¡ç‹ä¸»äºº.çŠ¬å¤ªç‹—ç‹—.å–‡å¯†è¦.è‰è«¾å¤§å°å§,2025-02-02T10:49:48Z,https://www.twitch.tv/can1021,https://static-cdn.jtvnw.net/previews-ttv/live_user_can1021-{width}x{height}.jpg
09945e9139af4f3a96e6adfd73139d35,live,ã€æ–°æ˜¥æŒ‘æˆ°å€’æ•¸å…©å¤©ã€å¥½åƒéº¥å¡Šå¿«ä¾†ã„Œ...è¶•ä¸€ä¸‹FF44æ˜ä¿¡ç‰‡è·Ÿç´„å¥½çš„è¡¨ç¬¦ï¼æ™šé»å·ç©é»‘æš—åœ°ç‰¢ï¼ ï½œFt @ ï½œæ›å°æ„Ÿè¬(ââÌ´Ì›á´—âÌ´Ì›â)ï½œå©†ã„‰å°ï¼š @molilyqq,2025-02-02T10:56:09Z,https://www.twitch.tv/mayko0327,https://static-cdn.jtvnw.net/previews-ttv/live_user_mayko0327-{width}x{height}.jpg
7a570b5273ae4e359a6491aba1313011,live,ã€å¯æ´›ä¾ã€‘âœ¦ 02/02 âœ¦ å°å°æ‰“ç“¦ è§€çœ¾å ´å¿ èª é»æ•¸++ â™¡ æ‹¼ç´«å‹¾æ­¡è¿æ›å° â™¡  | @chloelancemay |,2025-02-02T10:58:04Z,https://www.twitch.tv/chloelancemay,https://static-cdn.jtvnw.net/previews-ttv/live_user_chloelancemay-{width}x{height}.jpg
5cb1c062f5f94b44a41ae658f4a53f0c,live,ã€æ‚ çœŸã€‘0-0 | !dc !7tv | @kuronoyuma 2/2,2025-02-02T10:58:21Z,https://www.twitch.tv/kuronoyuma,https://static-cdn.jtvnw.net/previews-ttv/live_user_kuronoyuma-{width}x{height}.jpg
5f68c9b585ad40c0ada7697c9b7f5055,live,02/02 | è½‰äººå·¥ | åŠ ç­Day 245 | !è€å©†!åƒä»€éº¼ !åŠ ç­ +7tv !å‘¨é‚Š æ¨è–¦è‡ªä¸»è¨‚é–± | @lino_0606 è€å©†: @harumi_ouo,2025-02-02T10:58:41Z,https://www.twitch.tv/lino_0606,https://static-cdn.jtvnw.net/previews-ttv/live_user_lino_0606-{width}x{height}.jpg
28a930938667442288010b333937e2ab,live,ã€ç„¦å…’ã€‘å…„å¼Ÿå€‘æˆ‘å¾è€å®¶å›ä¾†äº†å¥½ä¹…ä¸è¦‹ï¼Œè¨˜å¾—è£œåŒ…ç´…åŒ…çµ¦æˆ‘ï¼Œè¨‚é–±å‘Šæ€¥ç”·å¨˜è¦é¤“æ­»äº†ğŸŒ¸350è‡ªä¸»è¨‚é–±ç©åˆ†è¡åˆºğŸ’™é­”ç«¶å¨›æ¨‚ã€Œé­”å„²ã€è¨»å†Šè¼¸å…¥æ¨è–¦ç¢¼äº«200å…ƒæŠ˜åƒ¹| @joerze |!yt !å·¥å•† !dc çœ‹å°è£7tv,2025-02-02T11:00:01Z,https://www.twitch.tv/joerze,https://static-cdn.jtvnw.net/previews-ttv/live_user_joerze-{width}x{height}.jpg
5ed5801d24c7412fa3fa65a82124aad0,live,æ£²è’” | 2/2 å¹´å‡æœ€å¾Œä¸€å¤© | ç´™å«è¡£6é€™ä¸€ä»£æ„Ÿè¦ºæ›´é›£ã„Œ | !æŒ‡ä»¤,2025-02-02T11:00:53Z,https://www.twitch.tv/seventy_vtuber,https://static-cdn.jtvnw.net/previews-ttv/live_user_seventy_vtuber-{width}x{height}.jpg
0448e6929687421c9e0435832765b9fe,live,2/2 è§€çœ¾å ´ï¼å¤§å®¶å¿«ä¾†æ•‘æ•‘éº»å°‡æ–°æ‰‹ï¼ï½œ@ryoueg ï½œ,2025-02-02T11:01:11Z,https://www.twitch.tv/ryoueg,https://static-cdn.jtvnw.net/previews-ttv/live_user_ryoueg-{width}x{height}.jpg
256252fdd3d1437995088c56e674fcf0,live,ã€02/02ã€é¬¼è½‰æ‰“æ§æ§ æ–°æ‰‹ç“¦ç“¦ [!å·¥å•†] |æŒ‡ä»¤:  !DC !åƒ !å– !å‰ä»– !æƒ³åƒ,2025-02-02T11:02:33Z,https://www.twitch.tv/seto_m_setekh,https://static-cdn.jtvnw.net/previews-ttv/live_user_seto_m_setekh-{width}x{height}.jpg
5535c9524eb046c38e172ebfa06b302f,live,ğŸ”´ã€ç±³éŠæ—¥ã€‘å´©éµã€Œé˜¿æ ¼èŠé›…ã€ä»£æŠ½é ç´„ï¼ã€ç±³å®¶éŠæˆ²ã€å…¨å¥æª¢&æ»·è‚‰å¹«åˆ°ä½ å®¶ï½œ UIDå®‰å¿ƒå„²å€¼â†’ !LD !æ›¼å¾·æ´› (10å–®é€æœˆå¡) â–¹ @ruroroisme â—ƒ,2025-02-02T11:13:57Z,https://www.twitch.tv/ruroroisme,https://static-cdn.jtvnw.net/previews-ttv/live_user_ruroroisme-{width}x{height}.jpg
fdb0805c65e24f13b7f23e50e0db8ae2,live,ğŸ”´ã€æœ¬æ—¥çé‡‘å¤§æ”¾é€ã€‘ç´…åŒ…è½‰ç›¤æ‰€æœ‰è§€çœ¾éƒ½å¯ä»¥æŠ½â¤ å¿ èª é»å¯å…Œæ›æŠ½çåˆ¸ @lunymeow_tw | âœ§æ‹šç´«å‹¾æ„Ÿè¬æ›å°à¸…â€¢Ï‰â€¢à¸…âœ§| åŠ ç­å°DAY111,2025-02-02T11:27:08Z,https://www.twitch.tv/lunymeow_tw,https://static-cdn.jtvnw.net/previews-ttv/live_user_lunymeow_tw-{width}x{height}.jpg
26b00f5ff5bf4b5a8dcb6c5c34e1b4f6,live,ã€ä¼Šå¾·æµ·æ‹‰ Yidhraã€‘02/02 ä»Šå¤©è¦å°¬éº»å’§~æé†’æˆ‘9.50è¦å»å‡¸å¾…ï¼ï½œæ­¡è¿æ›å¿ èª é»æ•¸ğŸ’œï½œ @yidhra0727 ï½œğŸ’– @mutuer @eloy_moon @daidai1208,2025-02-02T11:30:09Z,https://www.twitch.tv/yidhra0727,https://static-cdn.jtvnw.net/previews-ttv/live_user_yidhra0727-{width}x{height}.jpg
36beb36f581f44d393dcf0af2b194789,live,ã€æ²ƒå¤«æ›¼ã€‘2/2 æŠŠBuggy playtimeè·‘å®Œå§,2025-02-02T11:32:33Z,https://www.twitch.tv/lswoofman,https://static-cdn.jtvnw.net/previews-ttv/live_user_lswoofman-{width}x{height}.jpg
31f4c00be9eb41a1a6be0356614048fd,live,ã‚´ãƒŸæ‹¾ã„ã¨ç­‹ãƒˆãƒ¬ã‚’ã™ã‚‹äººç”Ÿã€ã‚³ãƒ¼ãƒ©ç¦398æ—¥ç›®ã€‘,2025-02-02T11:35:18Z,https://www.twitch.tv/yeee_shen,https://static-cdn.jtvnw.net/previews-ttv/live_user_yeee_shen-{width}x{height}.jpg
0cb217f7775543eb9c5aac3b9df75a86,live,ã€èªæ²«ã€‘æ˜å¤©è¦é–‹å·¥æ‹‰ !| @yumo_mashiro  |   æ›å°æ„Ÿè¬  |æªåœ˜ :,2025-02-02T11:43:53Z,https://www.twitch.tv/yumo_mashiro,https://static-cdn.jtvnw.net/previews-ttv/live_user_yumo_mashiro-{width}x{height}.jpg
911d3403c8e84dc3b0c4a2f6017698b6,live,è€çš®æœæœ«æ—¥å°éšŠéšŠå“¡è•¾è’‚å‡ºç™¼ | @paroniie @marika_vtuber æœ‰ç·£æœƒé‡åˆ°çš„æœ‹å‹å§(?),2025-02-02T11:51:28Z,https://www.twitch.tv/letizia0120,https://static-cdn.jtvnw.net/previews-ttv/live_user_letizia0120-{width}x{height}.jpg
fff74fa431cd4468b177675010504ee1,live,ã€éŠæˆ²å°ã€‘ç›´æ¥é–‹æ‰“é˜¿ç¦ï¼Œçƒ™è‘›èªªä»–è¦ç‹‚ç©å¦å…‹ã€‚02/02 PC è‹±é›„è¯ç›Ÿ #åˆè¦‹æ­¡è¿,2025-02-02T11:51:30Z,https://www.twitch.tv/sada_aidelei,https://static-cdn.jtvnw.net/previews-ttv/live_user_sada_aidelei-{width}x{height}.jpg
256dd6464e974e118dc8103d5e9eb0b3,live,æƒ³ä¸åˆ°ä»Šå¤©å±…ç„¶è¦é–‹æ‰äº†å§!  â¸œâ™¡â¸ åˆè¦‹æ­¡è¿ â¸œâ™¡â¸ æ›å°5%éŸ³é‡ â¸œâ™¡â¸ æ­¡è¿æ›å¿ èª é»æ•¸ â¸œâ™¡â¸  !æ­Œå–® !DC ï½œğŸ’– @yidhra0727,2025-02-02T11:51:40Z,https://www.twitch.tv/mutuer,https://static-cdn.jtvnw.net/previews-ttv/live_user_mutuer-{width}x{height}.jpg
dd9bf471b0304627877f38daaec5407b,live,æœ€å¾Œä¸€å¤©ä¼‘å‡äº†/æ”¶å¿ƒ /è¼•é¬†ä¼‘é–’/æ­¡è¿èŠå¤©ã€æ­¡è¿~è¿½éš¨èˆ‡è¨‚é–±æˆ–æ›å°ã€‘,2025-02-02T11:52:23Z,https://www.twitch.tv/ola_bear,https://static-cdn.jtvnw.net/previews-ttv/live_user_ola_bear-{width}x{height}.jpg
9a7b7c9c31da44aca5a68395a2e69488,live,æ–°æ„Ÿè¦šï¼ç„¡å£°é€æ˜Vtuberæ”¾é€ä¸­,2025-02-02T11:56:57Z,https://www.twitch.tv/trombeningen,https://static-cdn.jtvnw.net/previews-ttv/live_user_trombeningen-{width}x{height}.jpg
9bf758b113b048bc9331f244b619e4b2,live,ã€ä¸–ç•Œæ¨¹æ—¥å¸¸|å·¥ä½œè‡ºã€‘å¹´å‡æœ€å¾Œä¸€å¤©å•¦!!!æˆ‘ä¸æƒ³ä¸Šç­QAQ!!!,2025-02-02T11:57:17Z,https://www.twitch.tv/mianyu0906,https://static-cdn.jtvnw.net/previews-ttv/live_user_mianyu0906-{width}x{height}.jpg
afa3e309e41044c5bffe17466607d481,live,é›ªé›ªà¹â€¢á´—â€¢à¹ 2/2 ä»Šå¤©èƒ½å­˜æ´»å—? PZå•Ÿå‹•  @yukkkkiouo !è‡ªä¸»è¨‚é–±æ”¯æ´ !å‘¨é‚Š !é­”å„²,2025-02-02T11:57:31Z,https://www.twitch.tv/yukkkkiouo,https://static-cdn.jtvnw.net/previews-ttv/live_user_yukkkkiouo-{width}x{height}.jpg
4b8137b8ba4e4a4dad994e2e07e351fe,live,02/02 åªç·´ä¸€é¦–æ­Œ,2025-02-02T11:59:00Z,https://www.twitch.tv/esmea_princess,https://static-cdn.jtvnw.net/previews-ttv/live_user_esmea_princess-{width}x{height}.jpg
108ca56f150f457ca9f50c5179a7804e,live,ã€è‰¯å’²ã€‘2/2 æ–°å¹´å¿«æ¨‚ç´…åŒ…æ‹¿ä¾†! åŠ ç­é–‹å•Ÿ âœ§æ­¡è¿æ›å¿ èª é»æ•¸âœ§ âœ§æ›å°èª¿5%éŸ³é‡âœ§,2025-02-02T11:59:46Z,https://www.twitch.tv/ryoo_saki,https://static-cdn.jtvnw.net/previews-ttv/live_user_ryoo_saki-{width}x{height}.jpg
c7f53f2fbdbe4db488629ab4d738a16a,live,"â¤ï¸Demonologistâ¤ï¸ é¬¼ä¸«é¬¼,ä¸ä¹–éƒ½æœƒè¢«æ·¨åŒ–å“¦www ft.",2025-02-02T12:00:10Z,https://www.twitch.tv/yanyuanxi,https://static-cdn.jtvnw.net/previews-ttv/live_user_yanyuanxi-{width}x{height}.jpg
242326a56b0d4ca7a37c08a8fc2be138,live,ã€02/02ã€‘é›€é­‚ä¸‰äººéº»!!!çˆ¬åˆ†GOGOGO @rori_ferret,2025-02-02T12:00:15Z,https://www.twitch.tv/rori_ferret,https://static-cdn.jtvnw.net/previews-ttv/live_user_rori_ferret-{width}x{height}.jpg
1afd3fcb51954f6ebb2b73a6cb849d40,live,ã€ç“¦ã€‘å¤§ä½¬å¸¶å¸¶æˆ‘!æˆ‘å¾ˆå¥½å¸¶çš„!å¤§ä½¬! | æ›å°å¹«æˆ‘é–‹5%è²éŸ³ | ft:,2025-02-02T12:00:23Z,https://www.twitch.tv/ilbis0120,https://static-cdn.jtvnw.net/previews-ttv/live_user_ilbis0120-{width}x{height}.jpg
c099b7e8d46c418d8e17097d496f3b83,live,ã€è¸¢è¸¢ã€‘2.2 |  å˜¶å˜¶å¹´å¿«æ¨‚   â‚á¢ .á†º. á¢â‚  åˆFAåˆæš–  | !å¹¸é‹å…”åœ˜  âœ¦åŠ ç­Day.48âœ¦,2025-02-02T12:00:27Z,https://www.twitch.tv/ttspoon,https://static-cdn.jtvnw.net/previews-ttv/live_user_ttspoon-{width}x{height}.jpg
5dc565de88a948ecb092cce178aafe60,live,ã€å¸Œå§†ã€‘éŠæˆ²é›œè«‡å° ç™½é‚Šæ–°å¸³çš„å•†äººé–‹å§‹çš‡å† äº†  || 2 FEB,2025-02-02T12:00:42Z,https://www.twitch.tv/himutwv,https://static-cdn.jtvnw.net/previews-ttv/live_user_himutwv-{width}x{height}.jpg
42b8bd7bed2a4ddd930cfd223657e9ca,live,ã€å…¨æ°‘partyã€‘ æ¯æœˆç¬¬ä¸€å€‹ç¦®æ‹œæ—¥ï¼Œæ­¡è¿å¤§å®¶ä¸€èµ·ä¾†å”±æ­Œ~ #Oumi,2025-02-02T12:01:57Z,https://www.twitch.tv/hoshinooumi,https://static-cdn.jtvnw.net/previews-ttv/live_user_hoshinooumi-{width}x{height}.jpg
a83b6d485350402b90238deb371ae654,live,ã€å¤¢å¨œã€‘æˆ‘æ¨æˆ‘è‡ªå·±!! @chalortti @yukimoby @yukiyu120  | é‚„å‚µæé¬¼ç—‡ | !èŠ±éœ²æ°´ç°½åˆ° | æ›å°è«‹é–‹5%éŸ³é‡ã€æ­¡è¿æ›å°å¹«ä¸»æ’­æ‹¿å€‹ç´«éˆéˆã€‘,2025-02-02T12:02:23Z,https://www.twitch.tv/monna_nana,https://static-cdn.jtvnw.net/previews-ttv/live_user_monna_nana-{width}x{height}.jpg
c3945429509246f79c5f0a18594f696d,live,æŸ” à²£ -  2/2 âœ¦  pzåˆé«”é©—  | 2æœˆä»½å•¦~è‡ªä¸»è¨‚é–±++ à¸…(Â´ê’³ `à¸…) @rourou156  |  !ig !æŠ½ç !æ–°æ´»å‹• !ç®—å‘½,2025-02-02T12:04:19Z,https://www.twitch.tv/rourou156,https://static-cdn.jtvnw.net/previews-ttv/live_user_rourou156-{width}x{height}.jpg
16896dffcb474d7aa21540c944a2f7de,live,2/2 åŠ ç­Day7  æ–°å¹´è½‰ç›¤æœ€çµ‚æ—¥~!  æ–°å¹´åŠ ç­è½‰ç›¤é–‹å•Ÿ~!åŠ ç­,2025-02-02T12:05:27Z,https://www.twitch.tv/wuwind1767,https://static-cdn.jtvnw.net/previews-ttv/live_user_wuwind1767-{width}x{height}.jpg
8bf35c3b9a9e461d825a9170555b71c2,live,çª©é‚„åœ¨æƒ³æ™šé¤åƒä»€éº¼ !FB !YT !é€šè²© !LINE !DC !ff44 ä¸­æ–‡/Eng/æ—¥æœ¬èª,2025-02-02T12:05:48Z,https://www.twitch.tv/reirei_neon,https://static-cdn.jtvnw.net/previews-ttv/live_user_reirei_neon-{width}x{height}.jpg
2d9ef8be75c34daf9ce9d17ecbbe0f7a,live,â—–è–ç«é™é­”éŒ„ Engageâ——é‡ç©è¶…å›°é›£ç¶“å…¸æ¨¡å¼#4ğŸ¼å¥¶èŒ¶ç•¶æ°´å–,2025-02-02T12:08:24Z,https://www.twitch.tv/milktea___life,https://static-cdn.jtvnw.net/previews-ttv/live_user_milktea___life-{width}x{height}.jpg
a188f157d0384e0db5ae73605240d68b,live,æ€éº¼ä¸€ä¸‹å°±2æœˆäº† @koharuhana526 2/2,2025-02-02T12:09:31Z,https://www.twitch.tv/koharuhana526,https://static-cdn.jtvnw.net/previews-ttv/live_user_koharuhana526-{width}x{height}.jpg
8150f530d858418282811429cc32622b,live,ç†±é¬§å‡ºæ‹³!!ã€Š çŒ›ç¸æ´¾å° Party Animals ã€‹ #PartyAnimals #çŒ›ç¸æ´¾å° #Vtuber #å°V #æ¬£å¸Œäº #åˆäº” #å°ç£Vtuber Ft. å·§å…‹åœ˜,2025-02-02T12:09:46Z,https://www.twitch.tv/mengcynia,https://static-cdn.jtvnw.net/previews-ttv/live_user_mengcynia-{width}x{height}.jpg
7c18bc597298484c8f2925759fc1ac4a,live,ğŸè›‡å¹´æ“²éŠ€ä»”å¤§è³½ï¼æ–°å¡ä¸€èµ·æŠ½ğŸ§§! åˆå°ä¸»è¦–é» Feat. é›¨å·ç´« æœ›æœˆå¤©æ˜Ÿ å¯’æœˆã‚°ãƒ«,2025-02-02T12:09:54Z,https://www.twitch.tv/kuroriahkv,https://static-cdn.jtvnw.net/previews-ttv/live_user_kuroriahkv-{width}x{height}.jpg
14b644d58ff14ef1b491ef3d451e9e06,live,ğ“‡¢ ğ“†¸  å®å’š ! ä½ çš„å¥³å‹ç‰ˆ æº«æŸ”æœæœ å·²ä¸Šç·š  à¦“Ë– à£ªâŠ¹    | @ruri525 áƒ¦,2025-02-02T12:12:34Z,https://www.twitch.tv/ruri525,https://static-cdn.jtvnw.net/previews-ttv/live_user_ruri525-{width}x{height}.jpg
fd6a0236861940389e15ef85b16c6069,live,çƒŸèŠ±ï¼02/02 - 9:00 å·”å³°æ¥µé€Ÿ X æ±äº¬å–°ç¨®   å·´å“ˆå‹•æ¼«11:00åŒæ­¥è¦–è½ âœ§ï½¡Ù©(ËŠá—œË‹)Ùˆ âœ§ â—âœ© !who !å‘¨é‚Š!ä½œæˆ° !LINEè²¼åœ–,2025-02-02T12:12:55Z,https://www.twitch.tv/hennie2001,https://static-cdn.jtvnw.net/previews-ttv/live_user_hennie2001-{width}x{height}.jpg
3083d2b8192843958b2852553cb3bc70,live,æ–°æ‰‹æ©Ÿä¾†äº† ++æ­¡è¿  !dc  !sré»æ­Œ,2025-02-02T12:13:43Z,https://www.twitch.tv/akitsuki61dd,https://static-cdn.jtvnw.net/previews-ttv/live_user_akitsuki61dd-{width}x{height}.jpg
b5c9831f97f4427a88a96d7c4ee40539,live,ã€ç›´æ’­ã€‘2/2å¤§å¹´åˆäº”æ˜å¤©è©²é–‹å·¥äº†!!ä¾†ä¸€é»æ­»ç·šä½œæ¥­ !åŠ ç­ã€è’”ä¹ƒã»ã®ã‹ã€‘ï½œ @makino_honoka,2025-02-02T12:15:41Z,https://www.twitch.tv/makino_honoka,https://static-cdn.jtvnw.net/previews-ttv/live_user_makino_honoka-{width}x{height}.jpg
0979940d57534fc0948e24369aa495c5,live,çˆ›äººå¾©å»ºä¸€ä¸‹,2025-02-02T12:15:59Z,https://www.twitch.tv/dkxy19,https://static-cdn.jtvnw.net/previews-ttv/live_user_dkxy19-{width}x{height}.jpg
4e1dd2ab9e4b4c71bced0c5987cf9be7,live,[ç´…å¦»]å¤ä¼Šæ‹‰_Qç‰ˆï½œç´”èŠå¤©å®¤Live,2025-02-02T12:17:49Z,https://www.twitch.tv/rsundae,https://static-cdn.jtvnw.net/previews-ttv/live_user_rsundae-{width}x{height}.jpg
bf03fd8b5b55481590ea63338c5cdd20,live,2/2 åŠ ç­Day64 !åŠ ç­ !é€±é‚Š ä»™å¢ƒå‚³èªªå·´åŸºåˆ© / æªåœ˜æ¯10äºº+2åˆ†é˜ / !DC / @komorikuma_vtuber,2025-02-02T12:19:47Z,https://www.twitch.tv/komorikuma_vtuber,https://static-cdn.jtvnw.net/previews-ttv/live_user_komorikuma_vtuber-{width}x{height}.jpg
2a0de6059bd74c298a80f45a8052790e,live,ğŸŸæ„Ÿå†’å¥½ä¸äº†æœ‰ç¨®å‰µé¼ æˆ‘RRRRR(é›»è…¦é‡é–‹æ©Ÿç‰ˆ)/ åŠ ç­æ™‚æ•¸å‹Ÿé›†ä¸­!ğŸŸæ–·ç·šç³»/ åˆè¦‹æ­¡è¿  / ç”²é­š / !é£¯å‹ğŸŸ,2025-02-02T12:22:14Z,https://www.twitch.tv/sacabamba,https://static-cdn.jtvnw.net/previews-ttv/live_user_sacabamba-{width}x{height}.jpg
15cbed02d2f74630b04b73515909c1f4,live,ã€å…”å…”å¸Œå‡œ Kilin Usagiã€‘æ—¥æª¢N1çµ‚æ–¼è€ƒéå•¦!! å¤§å®¶æ–°å¹´å¿«æ¨‚!! è¶•å¿«è·Ÿæˆ‘åˆ†äº«ä½ å€‘å®¶çš„å¹´èœ!,2025-02-02T12:22:17Z,https://www.twitch.tv/kilinsart,https://static-cdn.jtvnw.net/previews-ttv/live_user_kilinsart-{width}x{height}.jpg
c5fe413a473d4638b53fb3f9019aabbe,live,â–Œå¸•è˜¿å¦® â™¦ï¸ ä»Šå¤©æ˜¯çœŸçš„PZ,2025-02-02T12:25:04Z,https://www.twitch.tv/paroniie,https://static-cdn.jtvnw.net/previews-ttv/live_user_paroniie-{width}x{height}.jpg
6bb236447ed9412a98c9b2d7c9069e10,live,ã€ç†Šè²“ã€‘02/02 å¯æ„›ç†Šè²“è²“ä¾†åš•~å–µâ˜…ç‹æ©˜ç¥ç¤¾â˜… ï½œ!é­”å„²ï½œ!å•†åº—ï½œ!å“¥å“¥çš„å’–å•¡ï½œæœ¬æ—¥æ¨æ¨ï¼š @nichiitenai ï½œFtï¼š,2025-02-02T12:26:42Z,https://www.twitch.tv/panda0219work,https://static-cdn.jtvnw.net/previews-ttv/live_user_panda0219work-{width}x{height}.jpg
13992a4fb59649ada3a2adf027b5b35a,live,áƒ¦ Michelle áƒ¦â¤ èª¿éŸ³å®Œç•¢ï¼æ¸…æ¥šç³»èœœé›ªåªç©å…¨å¹´é½¡ç‰ˆï¼Œæ­¡è¿æ›å°æ”¶è½å”· â˜ªï¸åˆè¦‹æ­¡è¿ â˜ªï¸é™ªä¼´åŠ©çœ ç³»â˜†ï¾Ÿ.*ï½¥ï½¡ !é­”å„²,2025-02-02T12:27:02Z,https://www.twitch.tv/michelle_tw,https://static-cdn.jtvnw.net/previews-ttv/live_user_michelle_tw-{width}x{height}.jpg
67d6807619064938a78832b4106de5c0,live,ã€å¹»ç¸å¸•é­¯ã€‘æœƒå“¡è§€çœ¾å ´ï½œèœœæœˆå‰çš„æœ€å¾Œä¸€å ´ç›´æ’­ï½ Ft. @siaodi12398,2025-02-02T12:30:51Z,https://www.twitch.tv/chengmimeow,https://static-cdn.jtvnw.net/previews-ttv/live_user_chengmimeow-{width}x{height}.jpg
53707f0116dc4fca8614ac7139e40b83,live,ã€å¸•é­¯ã€‘è§€çœ¾åŒæ¨‚ï¼šä»Šå¤©ä¾†è¡å¡”ï¼èƒ½ç ´åˆ°å¹¾å€‹å¡”å‘¢ï¼Ÿï½œæº–å‚™èœœæœˆäº”å¤©å»äº†ï¼ã€å–ªå±è¿ªã€‘Ft.ç±³ç±³,2025-02-02T12:31:05Z,https://www.twitch.tv/siaodi12398,https://static-cdn.jtvnw.net/previews-ttv/live_user_siaodi12398-{width}x{height}.jpg
86853cb239d740ce953573ba74bd08bd,live,ã€ğŸ…ã€‘0202 | èª°æ˜å¤©è¦ä¸Šç­,2025-02-02T12:31:28Z,https://www.twitch.tv/chiechie510,https://static-cdn.jtvnw.net/previews-ttv/live_user_chiechie510-{width}x{height}.jpg
8bd1aad0ee834101b6042c08495a31be,live,ã€é©šè®Š100å¤©ã€‘è¦åº¦éç¬¬ä¸€å€‹éšæ®µäº†ã€åˆ»çˆ¾è‰é›…/KerLiyaã€‘,2025-02-02T12:31:38Z,https://www.twitch.tv/liya608,https://static-cdn.jtvnw.net/previews-ttv/live_user_liya608-{width}x{height}.jpg
a17fcdf32a124beba3fba16299aed2b3,live,2/2 å¿ƒçµæ™‚é–“ï¼FT.æ¥šéå¯¶å¯¶ @tsufei_ ï½œ!VPN !é­”å„² !è³é‡‘ä»»å‹™ !YT !å‰ªè¼¯,2025-02-02T12:35:59Z,https://www.twitch.tv/chikayan,https://static-cdn.jtvnw.net/previews-ttv/live_user_chikayan-{width}x{height}.jpg
6bd49f94afb144e995247388ca8c42a8,live,ã€æ©™Yuzumiã€‘ç­‰ç­‰ç©å¤šäººè·³ç‹..... !FF44ï½œ @yuzumi_neon  !æ‰‹æ©Ÿæ®¼ !LINEè²¼åœ–,2025-02-02T12:36:06Z,https://www.twitch.tv/yuzumi_neon,https://static-cdn.jtvnw.net/previews-ttv/live_user_yuzumi_neon-{width}x{height}.jpg
d8fa0fb407c043cb9b65ab66c2221e8d,live,ã€å¸Œè€¶ã€‘2/2 [çœŸä¸‰åœ‹ç„¡é›™ï¼šèµ·æº] å¹´å‡æœ€å¾Œä¸€å¤©äº† ï½œè¨‚é–±å‘Šæ€¥ï½œæœ‰ç ¸ç ¸ï½œ!é­”å„²  @ca0510,2025-02-02T12:38:05Z,https://www.twitch.tv/ca0510,https://static-cdn.jtvnw.net/previews-ttv/live_user_ca0510-{width}x{height}.jpg
d11123a75b874ad2bb120bb237e94c8d,live,ã€å„ªå¯¶ã€‘ åœ‹/ç²µ/ENã€Œæ–°å¹´å¿«æ¨‚ã€ å…è²»é‡£é­šæŠ½æ¡Œå¸ƒ å–œæ­¡çš„è©±å¯ä»¥å¹«æˆ‘æŒ‰å€‹è¿½éš¨å”·! (ï¾‰>Ï‰<)ï¾‰ !æŠ½ç !dc !coinsæŸ¥è©¢ !çå­¸é‡‘ !é‡£å„ª,2025-02-02T12:42:18Z,https://www.twitch.tv/imyukodesu,https://static-cdn.jtvnw.net/previews-ttv/live_user_imyukodesu-{width}x{height}.jpg
bc500108607f4b7d87f3effce3ab5fc5,live,å¥½ä¹…ä¸è¦‹ğŸ’¦ç•«æ›²ç¹ªğŸ€ğŸ”«,2025-02-02T12:42:40Z,https://www.twitch.tv/mox_vt,https://static-cdn.jtvnw.net/previews-ttv/live_user_mox_vt-{width}x{height}.jpg
28c152a7489b4402960bd4bd36b7229b,live,2/2-çœŸä¸‰åœ‹ç„¡é›™èµ·æº-ä»Šå¤©è·‘åˆ°èµ¤å£å§!!?,2025-02-02T12:43:24Z,https://www.twitch.tv/koyokainekomata,https://static-cdn.jtvnw.net/previews-ttv/live_user_koyokainekomata-{width}x{height}.jpg
75eb49d99170441ab784d7bec7378d21,live,ã€–ç·¹å©­ğŸ’¤ã€—ä¸æƒ³ä¸Šç­ï½œåŸç¥ï½œ2025/02/02 !DC !YT,2025-02-02T12:44:33Z,https://www.twitch.tv/tiavannessa,https://static-cdn.jtvnw.net/previews-ttv/live_user_tiavannessa-{width}x{height}.jpg
a3452262e11348c88afea4031b0323a8,live,ä½ ç¢ºå®šçœŸçš„ä¸æ˜¯å‹åˆ©å¥³ç¥çˆ­å¥ªæˆ°å—...,2025-02-02T12:47:30Z,https://www.twitch.tv/haivender,https://static-cdn.jtvnw.net/previews-ttv/live_user_haivender-{width}x{height}.jpg
3442df03030941b0933077faf6a75c6a,live,ã€è‰¾è‰2æœˆåŠ ç­å°ã€‘æ–°å¹´é›œè«‡ æ»¾å›ä¾†åŠ ç­ !~æ­¡è¿æªåœ˜ ç«‹æ——500ç©å¥èº«ç’° @0330ellie,2025-02-02T12:50:50Z,https://www.twitch.tv/0330ellie,https://static-cdn.jtvnw.net/previews-ttv/live_user_0330ellie-{width}x{height}.jpg
23af2b94549e42c282ec0d6eecf01102,live,XiaoYaoï½œè§€çœ¾å ´ï½œåˆäº”å¿«æ¨‚ï¼å¿«ä¸Šä¾†é™ªå°ç‹—ä¸€èµ·éŠç© >>>  @with_xiaoyao @n1n1___,2025-02-02T12:51:32Z,https://www.twitch.tv/with_xiaoyao,https://static-cdn.jtvnw.net/previews-ttv/live_user_with_xiaoyao-{width}x{height}.jpg
366df9da61654531a6581169c70a0432,live,æ¸¬è©¦é¡é ­!æœ‰äºº!,2025-02-02T12:52:08Z,https://www.twitch.tv/no_vi_0615,https://static-cdn.jtvnw.net/previews-ttv/live_user_no_vi_0615-{width}x{height}.jpg
9959d43cae9b49dbbcd666f742322b4a,live,"0202 ç·´ç·´æ‰‹ ,,Ô¾ã…‚Ô¾,, æ‚ æœˆå¥½å¯ç›ƒè³½å‰ç·´ç¿’ ft.  å’ªé•·å®˜ @inkweiakapumi  @kumamiairi æ„›æ„›",2025-02-02T12:55:19Z,https://www.twitch.tv/bear_ghost_haha,https://static-cdn.jtvnw.net/previews-ttv/live_user_bear_ghost_haha-{width}x{height}.jpg
f9d27b07ff84433b8397b0587f339e27,live,[WOWs]æ—¥å®‰æˆ°è‰¦,2025-02-02T12:55:57Z,https://www.twitch.tv/singgggg0610,https://static-cdn.jtvnw.net/previews-ttv/live_user_singgggg0610-{width}x{height}.jpg
8125f51f9526408790a77c1c7b4a053b,live,â£ï¸ä»Šå¤©æˆ‘ç”Ÿæ—¥â£ï¸å°ä¸èµ·äº†åç¾¿ï¼Œä»Šå¤©ç”Ÿäº†å€‹æ—¥ / !è¦ªåˆ° ä¾†è¦ªåˆ°ğŸ˜˜ / !DC ä¾†ç©å‘€~,2025-02-02T12:56:18Z,https://www.twitch.tv/sesney720,https://static-cdn.jtvnw.net/previews-ttv/live_user_sesney720-{width}x{height}.jpg
7754a4ea82814b7fbbecfcf459382001,live,ã€âœ¿é˜¿å’ªè€è˜‡âœ¿ã€‘2/2 âœ¤åˆäº”åˆè¦‹âœ¤!æ„›é˜¿å’ª !é˜¿å’ªæ„›æˆ‘ | æ–°å¹´å¿«æ¨‚ æ­å–œç™¼è²¡ ç´…åŒ… !åˆ†  à»’ê’°à¾€à½² ËŠá—œË‹* ê’±à¾€à½²áƒ,2025-02-02T12:56:25Z,https://www.twitch.tv/qmi_uwumai613,https://static-cdn.jtvnw.net/previews-ttv/live_user_qmi_uwumai613-{width}x{height}.jpg
7c781489389447e682388caccae7fb1c,live,ã€çªç™¼å•¦ã€‘ä»€éº¼ï¼Ÿå¡æ´›è®ŠæˆNPCäº†ï¼Ÿã€å¡æ´›æ¢…é‡Œæ–¯ã€‘,2025-02-02T12:56:44Z,https://www.twitch.tv/coralmeris,https://static-cdn.jtvnw.net/previews-ttv/live_user_coralmeris-{width}x{height}.jpg
0fa0331a92df4a21bc5fc771223c3b3c,live,âœ§Â° ã€ğŸ¬ğŸ®ğŸ¬ğŸ®ã€‘ æ–°å¹´å¿«æ¨‚.áŸ.áŸç¥ç§˜è¼ªç›¤ç™»å ´.áŸ.áŸï½œ!é­”å„² !æŠ½ï½œæ‹šè‡ªä¸»è¨‚é–±.áŸ.áŸ,2025-02-02T12:58:14Z,https://www.twitch.tv/hatsuyuki0623,https://static-cdn.jtvnw.net/previews-ttv/live_user_hatsuyuki0623-{width}x{height}.jpg
b6f8117355b24e9c8a8a4c813a72aec9,live,ã€å°å°å¤¢é­˜ã€‘è½èªªé€™æ˜¯ææ€–éŠæˆ²?ä¾†çœ‹çœ‹æœƒä¸æœƒææ€–! #åˆè¦‹æ­¡è¿,2025-02-02T12:58:50Z,https://www.twitch.tv/himekawa_rino,https://static-cdn.jtvnw.net/previews-ttv/live_user_himekawa_rino-{width}x{height}.jpg
93bad1d4b0c54c8781e3775d13a62c38,live,ã€é‡å£å‘³é›œè«‡ã€‘è¶…é«˜xxå…ƒç´ é›œè«‡ï¼å¾å½å¨˜åˆ°æ‰¶ä»–ï¼Ÿçµ•å°ä¸èƒ½è®“å®¶é•·çœ‹åˆ°çš„ç›´æ’­,2025-02-02T12:59:01Z,https://www.twitch.tv/feuera1225,https://static-cdn.jtvnw.net/previews-ttv/live_user_feuera1225-{width}x{height}.jpg
d66fb507852f4d889e426c8ea0f9f246,live,ã€–VALORANTã€—å¤§å®¶ä¸€èµ·ä¾†æ•£æ­¥ @vtlabrador0118  @shiliyahamster @beiyue_cup @Kusubashi_Shiya,2025-02-02T12:59:07Z,https://www.twitch.tv/aone_nao_0x0,https://static-cdn.jtvnw.net/previews-ttv/live_user_aone_nao_0x0-{width}x{height}.jpg
3e41189706dd483db4e407c295b058ce,live,ã€Ayaneã€‘æ½›æ°´å“¡æˆ´å¤« #16 çœŸçš„æ˜¯æœ€å¾Œä¸€æ¬¡äº†ï¼ŒçœŸçš„å•¦_(Â´à½€`ã€ âˆ )_ ã€ä¸­æ–‡/æ—¥æœ¬èªã€‘ @ayane1019,2025-02-02T12:59:22Z,https://www.twitch.tv/ayane1019,https://static-cdn.jtvnw.net/previews-ttv/live_user_ayane1019-{width}x{height}.jpg
6603f7e70b684a07a3dac687460bacc5,live,VALORANTæ•£æ­¥ @aone_nao_0x0  @vtlabrador0118  @shiliyahamster @beiyue_cup,2025-02-02T12:59:54Z,https://www.twitch.tv/kusubashi_shiya,https://static-cdn.jtvnw.net/previews-ttv/live_user_kusubashi_shiya-{width}x{height}.jpg
08a612f1ecf84b619a8899a5caed28c1,live,ã€å°å…§ã€‘éå¹´ç´…åŒ…åŠ ç­å°day6ï½œåˆäº”è²¡ç¥å·²æŠµé”ç¾å ´ğŸ”¥å‹æƒ…æˆ°çˆ­ï½œ !dc !rp !å‹Ÿè³‡ @nerukozwz,2025-02-02T13:00:40Z,https://www.twitch.tv/nerukozwz,https://static-cdn.jtvnw.net/previews-ttv/live_user_nerukozwz-{width}x{height}.jpg
fef1577c0352446c8e371b9fd9e7cc73,live,#12 å›é¡§ç¬¬9ç« ã€Crosscodeã€‘,2025-02-02T13:00:54Z,https://www.twitch.tv/mitorigaming,https://static-cdn.jtvnw.net/previews-ttv/live_user_mitorigaming-{width}x{height}.jpg
54e70d7cc2fb4c6da0d833519331c770,live,â‹®  2/2 â”‚ æœ‰æ²’æœ‰æƒ³æˆ‘ãƒ¾(*Î¦Ï‰Î¦)ãƒ„ â”‚ !3.0å‹Ÿè³‡ !å‘¨é‚Š â”‚ !å§”è¨— !å–µå–µç±¤ â”‚ @ting1an_ ^ Ì³- â€§Ì« â€¢ Ì³^à¸…,2025-02-02T13:01:15Z,https://www.twitch.tv/ting1an_,https://static-cdn.jtvnw.net/previews-ttv/live_user_ting1an_-{width}x{height}.jpg
67b3f32472774d3191ecfea12f60a990,live,"æœ‰äººè¦åŠ å¥½å‹å—,æˆ‘åœ¨å¨œæ­\ouo/",2025-02-02T13:01:18Z,https://www.twitch.tv/angel20222022,https://static-cdn.jtvnw.net/previews-ttv/live_user_angel20222022-{width}x{height}.jpg
66c812bb04844241af1d1c7539b5e251,live,å¸¶è§€çœ¾æ‰“å›°8ï¼‹äºŒæœ¬æ‰“ç‹ï¼‹è³½ç‹—ï¼‹å…©éš»è€é»‘ï¼Œå¿«æ¨‚çš„å¹´å‡ç¸½æ˜¯éå¾—ç‰¹åˆ¥å¿«ï½œTMSæ®ºäººé¯¨,2025-02-02T13:01:42Z,https://www.twitch.tv/remon031158,https://static-cdn.jtvnw.net/previews-ttv/live_user_remon031158-{width}x{height}.jpg
3dd8c72cab6d494dbd6fbf0a0e3dc41a,live,æ·±å¤œãƒ‘ãƒ³å±‹ï½œ2025/2/2 é­”ç‰©çµäººï¼šä¸–ç•Œ,2025-02-02T13:01:58Z,https://www.twitch.tv/rinkopan,https://static-cdn.jtvnw.net/previews-ttv/live_user_rinkopan-{width}x{height}.jpg
ffa52ddf68ff4b229dc09ad683d9d36d,live,valorant|å·å·ä¾†æ—¥æœ¬äººè§€çœ¾å ´ä¸€ä¸‹ 2/2,2025-02-02T13:01:59Z,https://www.twitch.tv/godaaa811,https://static-cdn.jtvnw.net/previews-ttv/live_user_godaaa811-{width}x{height}.jpg
d7963784d96543e28a290361d38efe30,live,éå¹´äº† ä½ çˆ¸è‚¯å®šåˆè¦å‚¬ä½ æ‰¾å°è±¡äº† æ²’æœ‰å°è±¡çš„æœ‹å‹å¯ä»¥è€ƒæ…®ä¸‹æˆ‘ æˆ‘å¯ä»¥ç•¶ä½ çˆ¸ æˆ‘ä¸å‚¬**é€™å‘¨å…­FF16:00~17:00èŠ±åšèšé›†ç«™**,2025-02-02T13:02:51Z,https://www.twitch.tv/jeanneovo,https://static-cdn.jtvnw.net/previews-ttv/live_user_jeanneovo-{width}x{height}.jpg
2694a505a0e0441bb99b49e8ce1f7473,live,ã€2/2ã€‘ç‚ºä»€éº¼æˆ‘åˆæœƒæ‰“é–‹é€™ç³»åˆ—çš„éŠæˆ²ï½œLINEè²¼åœ–ä¸Šæ¶å•¦ !LINEï½œ  @kannazukilubee ï½œ!yt !æŠ–å…§ !æœƒå“¡ !é­”å„² !7tv !æŒ‡ä»¤ !æ‰‹æ©Ÿæ®¼ !æŠ•ç¨¿,2025-02-02T13:03:36Z,https://www.twitch.tv/kannazukilubee,https://static-cdn.jtvnw.net/previews-ttv/live_user_kannazukilubee-{width}x{height}.jpg
c699beab8e8a4064849c977b67058447,live,ä»Šå¤©ä¾†é–‹çå›‰ï¼ğŸ¤2/2ï½œ!dc !ytï½œ @nineamro,2025-02-02T13:03:56Z,https://www.twitch.tv/nineamro,https://static-cdn.jtvnw.net/previews-ttv/live_user_nineamro-{width}x{height}.jpg
4b6b055ada4d4f0ab63b7ad02a3fa3ef,live,YABEï½œRumi/æ‡¶è²“å­,2025-02-02T13:05:09Z,https://www.twitch.tv/rumi0813,https://static-cdn.jtvnw.net/previews-ttv/live_user_rumi0813-{width}x{height}.jpg
d837e8fda137492c9d77882b98ff863a,live,ã€çœŸç†æœã€‘2/2 è€çš®æœå†åº¦å•Ÿå‹•ï¼æ¬¸ä½†æ˜¯æˆ‘é‚„æ²’è¨­å®šå¥½ï¼,2025-02-02T13:10:47Z,https://www.twitch.tv/marika_vtuber,https://static-cdn.jtvnw.net/previews-ttv/live_user_marika_vtuber-{width}x{height}.jpg
e53606f1bf0c4059b1226b6c2e037fd0,live,ã€éŠæˆ²ç†Šç”Ÿã€‘ä¾†å°å°é–‹é–‹,2025-02-02T13:12:40Z,https://www.twitch.tv/dontthebear,https://static-cdn.jtvnw.net/previews-ttv/live_user_dontthebear-{width}x{height}.jpg
0e9aeecbe8f04a62ab781cf2e520eba0,live,02/02 æ”¶å‡äº† å…ˆé³´å¾Œæ‰“å€‹éº»  @shen_0828 |æ¯æœˆ300è¨‚é–±ç©åˆ†è¡å£“|å˜æ—‹èˆ‡é­”å„²åˆä½œå•¦| !åŠ ç­ !å‘¨é‚Š !ç°½åˆ°,2025-02-02T13:12:49Z,https://www.twitch.tv/shen_0828,https://static-cdn.jtvnw.net/previews-ttv/live_user_shen_0828-{width}x{height}.jpg
3040b4d9d4374815a4e0af0c887a42fc,live,0202ï½œ22222222222 â™¡ å–„ç”¨æŒ‡ä»¤ !æŒ‡ä»¤!é­”å„²,2025-02-02T13:14:26Z,https://www.twitch.tv/lepara0213,https://static-cdn.jtvnw.net/previews-ttv/live_user_lepara0213-{width}x{height}.jpg
c92baa46ff4e41c9918ad2427c0853d6,live,é€™è£¡æ˜¯é‚„æ²’é–‹å·¥äººã€æ‹šç´«å‹¾åŠ ç­å°#128ã€‘æŠ½PS5 ğŸ» æ„Ÿè¬æ›å°ï½œ!ç°½åˆ° !æŠ½ç !æªåœ˜,2025-02-02T13:16:14Z,https://www.twitch.tv/iamca6,https://static-cdn.jtvnw.net/previews-ttv/live_user_iamca6-{width}x{height}.jpg
0490d9546bce4068a0f52b39046bdf91,live,ã€ASMRã€‘å¤œå¤œå¾ˆæŠ±æ­‰ï¼Œé›»è…¦å› ç‚ºè¢«è²“å’ªå¤¥ä¼´å€‘æ‘§æ¯€ï¼Œæ­£åœ¨é€é†«æ€¥æ•‘ï¼| @konohana1215 | å°±æ˜¯èˆ”èˆ”çš„VODå­˜æª”,2025-02-02T13:16:54Z,https://www.twitch.tv/konohana1215,https://static-cdn.jtvnw.net/previews-ttv/live_user_konohana1215-{width}x{height}.jpg
4ba065758aa94ce18cfe227cc37b1afe,live,02/02ğŸ°é›ªå¯¶ã†ã•ãğŸŒŸå°å‹•ç‰©ä¹Ÿæœ‰é–‹é‹¼å½ˆçš„å¿ƒâœ¨ä»Šå¤©ä¾†å­¸ç¿’æ–°ç‰Œçµ„ ft.åºšåºš @shinyuki2511ğŸ‡!å§”è¨— á•¬ á•¬ å§”è¨—å¯ç§è¨Šæ¨ç‰¹,2025-02-02T13:16:58Z,https://www.twitch.tv/shinyuki2511,https://static-cdn.jtvnw.net/previews-ttv/live_user_shinyuki2511-{width}x{height}.jpg
67d348e6690c43729cce031e70a26645,live,è¶…ç´šå·å”± 2/2 !7tv,2025-02-02T13:20:26Z,https://www.twitch.tv/hakuzenyo,https://static-cdn.jtvnw.net/previews-ttv/live_user_hakuzenyo-{width}x{height}.jpg
4c34c44a98974b709f7dbc7618847fd6,live,2/2 2222æœˆï½œ!é­”å„²   ( *ãƒ»Ï‰ãƒ»)âœ„,2025-02-02T13:21:01Z,https://www.twitch.tv/5l5l3,https://static-cdn.jtvnw.net/previews-ttv/live_user_5l5l3-{width}x{height}.jpg
921d25072caf403ea797c3d5f61f84cf,live,0202 |  å“ªå“­æ’’å’©å›‰,2025-02-02T13:22:00Z,https://www.twitch.tv/kamijo11298,https://static-cdn.jtvnw.net/previews-ttv/live_user_kamijo11298-{width}x{height}.jpg
2d25a18a83af462a8d4062e162017a1a,live,ã€”ProjectZomboidã€•æ˜å¤©ç«œç«œè¦ä¸Šæˆ°å ´äº†!!à®‡à¯°à®‡âœ¨FT.CEOï½œVtuberï½œå°VğŸ¥©0202,2025-02-02T13:26:08Z,https://www.twitch.tv/rex_erica,https://static-cdn.jtvnw.net/previews-ttv/live_user_rex_erica-{width}x{height}.jpg
15ec206bfc374aaaa594bc12e9887a69,live,02/02 åŠ ç­å°å•Ÿå‹•day37/æ¸›ç­å°é–‹å•Ÿ/ç©ç©æ–°è²·çš„å…¬ç‰ˆçš®/2.0å‹Ÿè³‡é€²è¡Œä¸­!æ–—å…§æœ‰å›é¥‹!è‡ªä¸»è¨‚é–±åŠªåŠ›ä¸­!,2025-02-02T13:28:22Z,https://www.twitch.tv/kurageelina,https://static-cdn.jtvnw.net/previews-ttv/live_user_kurageelina-{width}x{height}.jpg
872627e5c7a248bfb41a055dee03029a,live,"ğŸ”´ã€Vtuber-å¤œå‡•Small Yae Ch.ã€‘(å°ç£vtuber) ""éš”å£çš„èªªè¬Šä»–æ‰æ„›åƒèœ˜è››"" è®š!!!!!ï¼ˆï¾‰â‰§Ú¡â‰¦ï¼‰ ft.  @yt_smallyae @hua1031_",2025-02-02T13:30:49Z,https://www.twitch.tv/yt_smallyae,https://static-cdn.jtvnw.net/previews-ttv/live_user_yt_smallyae-{width}x{height}.jpg
4c4ebb91c8a346b2876d1ccd1a32dead,live,ã€é›œè«‡ã€‘æ»¿æœˆå®´ï¼æ­£å¼å‡ºé“ä¸€å€‹æœˆå•¦ï½,2025-02-02T13:32:55Z,https://www.twitch.tv/tsugumimayuzumi,https://static-cdn.jtvnw.net/previews-ttv/live_user_tsugumimayuzumi-{width}x{height}.jpg
7d11ed1b02104cf58efd2df6cbc1ef69,live,43â†’ã€2/2èŠå¤©éŠæˆ²å°ã€‘åˆäº”é–‹å·¥ä¾†ä¸Šç­â–‚â–…â–‡ï½œæ–°æ˜¥å‘¨é‚ŠåŠ ç­æ´»å‹•ï½œé™è½è¿½éš¨è¨‚é–±æ„Ÿè¬ï½œ @fourtythird43,2025-02-02T13:35:18Z,https://www.twitch.tv/fourtythird43,https://static-cdn.jtvnw.net/previews-ttv/live_user_fourtythird43-{width}x{height}.jpg
7180ef027197417da8c0143be2d45fa2,live,0202 æ–°å¹´å¿«æ¨‚ï¼,2025-02-02T13:36:00Z,https://www.twitch.tv/molu72,https://static-cdn.jtvnw.net/previews-ttv/live_user_molu72-{width}x{height}.jpg
4eddb3c50fd84042a1d5a4be600fbb5e,live,ã€éŠã€‘è€ƒé©—æéŠæ¥µé™çš„æ™‚é–“å†åº¦åˆ°äº†ï¼   !æŒ‡ä»¤   @sylphainsel #è²è²å†’éšªä¸­ #Vtuber,2025-02-02T13:39:41Z,https://www.twitch.tv/sylphainsel,https://static-cdn.jtvnw.net/previews-ttv/live_user_sylphainsel-{width}x{height}.jpg
dda9d5733f5f49f4aa77f147640040c3,live,2/2 ç®—é€€ç‡’äº†å§..å§ | ä»Šå¤©ä¸é–‹çš® | 600è¿½éŒ„5MAä¹‹æ­Œ,2025-02-02T13:40:49Z,https://www.twitch.tv/xingyi0741,https://static-cdn.jtvnw.net/previews-ttv/live_user_xingyi0741-{width}x{height}.jpg
95694a64c0fe4b5c987344f1edcec826,live,Â« â—ŒÌŒSing Â» è¼•è¼•åœ°å”±ä¸€ä¸‹â˜ï¸æ˜å¤©é–‹å·¥äº†QQï½œæ˜¥ç¯€åŠ ç­å°å¥½é•·,2025-02-02T13:42:25Z,https://www.twitch.tv/mendydrowsy,https://static-cdn.jtvnw.net/previews-ttv/live_user_mendydrowsy-{width}x{height}.jpg
95f8bb8a92c1450b8b5993f740b39338,live,Astra Yaoâœ¨ (Zenless Zone Zero),2025-02-02T13:44:02Z,https://www.twitch.tv/mechsvtuber,https://static-cdn.jtvnw.net/previews-ttv/live_user_mechsvtuber-{width}x{height}.jpg
a2c7c34474174cd2bffcc17a32aeec21,live,ã€æ­Œå›ã€‘å‡æ”¾å®Œäº†ã€ä»Šå¤©è¦å¥½å¥½ç¡è¦ºğŸ˜ª,2025-02-02T13:46:09Z,https://www.twitch.tv/oviii_elves,https://static-cdn.jtvnw.net/previews-ttv/live_user_oviii_elves-{width}x{height}.jpg
c540124532e14ceb8e9ffc654a0ec4c9,live,ã€å¾APEXæ­¸ä¾†çš„Dasaã€‘ å€‹äººå‹¢.å½±ç‰‡å‹¢Vtuberï½œé£Ÿæ™‚æ¨‚æ¯›è±†åœ˜è³¼ä¸­,2025-02-02T13:48:45Z,https://www.twitch.tv/dasabackfromapex,https://static-cdn.jtvnw.net/previews-ttv/live_user_dasabackfromapex-{width}x{height}.jpg
ba27c499a50f4cac87e6e5b94da18292,live,æŠ±æŠ±å¥½ç†Š æŠ±æŠ± ! åˆäº”å¿«æ¨‚æ­å–œç™¼è²¡ ç†Šæ„›ä½ å€‘ [2/2] @asahibear4314,2025-02-02T13:48:54Z,https://www.twitch.tv/asahibear4314,https://static-cdn.jtvnw.net/previews-ttv/live_user_asahibear4314-{width}x{height}.jpg
10c8c9b647e7464f9d95c7c1a865da01,live,20250202ï½œéº¥å¡Šè“‹æˆ¿å­(ç§æœ)ï½œ3.0æ–°è¡£æœå›é¥‹ä¼åŠƒä¸­!å‹Ÿè³‡ !å§”è¨—  ï½œ @suitoumi_0217,2025-02-02T13:50:55Z,https://www.twitch.tv/suitoumi_0217,https://static-cdn.jtvnw.net/previews-ttv/live_user_suitoumi_0217-{width}x{height}.jpg
8881d23b0a3c426590c8a2509e363ec1,live,ã€VALORANTã€‘åˆæ˜¯è¢«äººcarryçš„ä¸€å¤©â€»æœ‰æ—¥èªã€ @bridget_burijitto ã€‘,2025-02-02T13:51:43Z,https://www.twitch.tv/bridget_burijitto,https://static-cdn.jtvnw.net/previews-ttv/live_user_bridget_burijitto-{width}x{height}.jpg
7299d6e9ebff46c9ae859fa5c6f27206,live,ã€æœ€å¾Œä¸€å¤©ã€‘è·Ÿé˜¿å…¬ä¸€èµ·è“‹æˆ¿FT.æ°´å…”æµ· à¸(ï½°Ì€Ï‰ï½°Ìà¸)ï½œæ„Ÿè¬è¿½è¿½æ›å°æ( â€¢ Ì€Ï‰â€¢Ì )ï½œ,2025-02-02T13:52:31Z,https://www.twitch.tv/rakuraku66,https://static-cdn.jtvnw.net/previews-ttv/live_user_rakuraku66-{width}x{height}.jpg
1058d6e9f351455389e8a7a716ea26ff,live,ã€ JPï¿¤CN  ã€‘ã€ #åŸç¥ï¿¤Genshin ã€‘å…¨é é‹æ°£çš„å¹»æƒ³çœŸå¢ƒåŠ‡è©©ï¼›,2025-02-02T13:54:22Z,https://www.twitch.tv/toujipaisen,https://static-cdn.jtvnw.net/previews-ttv/live_user_toujipaisen-{width}x{height}.jpg
a3ce195c0069494c99849d0b1a10a7fd,live,#è²“è»Šé§•è¨“ç­ æ­é½éšŠéšŠå“¡çš„è‡ªä¸»ç·´ç¿’ï½œ #æ‚ ç™½ #Ubye,2025-02-02T13:54:34Z,https://www.twitch.tv/konyunubye,https://static-cdn.jtvnw.net/previews-ttv/live_user_konyunubye-{width}x{height}.jpg
2c6b5ad20b4e4bdc85310b791d02b364,live,ê’°2/2ê’± æ–°å¹´å¿«æ¨‚ æ‹œå€‹æ™šå¹´å­ ğ–¦¹ å—šå‘¼ FF41æ“ºæ”¤L41 || !å§å§è˜¿ !DC !æªåœ˜ !å‘¨é‚Š !å—¨é€¼ !ç°½,2025-02-02T13:55:36Z,https://www.twitch.tv/beilooo,https://static-cdn.jtvnw.net/previews-ttv/live_user_beilooo-{width}x{height}.jpg