Name,Channel ID,Channel User Name
##Taiwan Vtuber,,
鬼鬼,UC7SHHIlKiJs_-ORerKPL1kA,Onityan
杏仁ミル,UCFahBR2wixu0xOex84bXFvg,AnninMiruChannel
高雄林小姐,UCfwIUmAj5QKbaAxHoOR-23g,高雄林小姐
紅月,UCKb2UlUynRoH9haUohxtM8Q,紅月RedMoon
鳥羽樂奈,UCFEd5V7VcxBPPcuMGpmvkQA,RanaVTB
香草奈若,UC4J0GZLM55qrFh2L-ZAb2LA,
璐洛洛,UCRf7OJA3azS4RsGd_G96FUw,ruroroisme
虎妮,UC6s0wLR0TZauzTVoGGw2r6g,Hooniefriends
悠白,UC-o-1qjKkMLq-ZFxXIzOUBQ,悠白Ubye
兔姬,UC0u_-3zgLkSYpQOxlBi-5Ng,兔姫UsagiHime777
虛擬熊頭,UCzHbCUKXn65icryUIgn1ETA,
Asa Ifrit,UCxm2qC7Z7cjDAd6yPyl-sKQ,
喵太,UCr1m3SYxD89MHQmh8EynAVg,喵太NekoTa
空,UCyZZMKRn-mUEkPzaqa9b6bg,KWAkicknmusic
Naya,UCLTe-8-BQUDdKPcJx_DmLgw,冰糖豬腳遊戲頻道
灰名,UCN7sEdAjj4Q--al9pDsCPOg,灰名Kaina
藤乃熊,UCmyDLzP9ZBAK2JO4kUuJMRQ,
鼠屋栗太,UCsvSrfDReAqYM32_VW8t09w,
三毛,UCPqYxut8IQxG4HAMrJx5ffQ,
水野魚娜,UCjj4xu_HzcrOr9Jsltw0gCQ,MizunoyunaCh水野魚娜
諳石,UCY3SeRGl6ty0I4DqVeZ5f0Q,
一介,UCNOgKLQi56Jwbv4KdobWa9g,一介
夏玥白夜,UCnkeI-RYkipUFpRAv5RKXSg,
平平子,UC2yG-9ekUwTs8Q0yMSycMxA,
十五號,UC_UqaRNrLcaL4fp2IAPV0OQ,
星見遙,UCl1RVJbkPnpNbO9-CsDqPmQ,星見遙Haruka
蕾兒,UCDb47NT3QzoCiorDtK9C_qg,
風絮,UCYPSP_gJ-BcREmsDzBIaRvw,FengXuCh風絮
TSMATCH火柴,UCXzEDlhV7wJuMY4c-Fvz7uQ,
魔法!,UC1oG3SdlNPj_WrokDgtpljQ,mahou1944
いくせん,UCKazkVudNQs8ZhwfXj_RNPw,
姬宮優花,UC1d1dmxkh_yanq1U1gli7jw,花邊少女HanaYuka
夏日葵,UCLZyaaUwBw2ZvwLt6uY3_bQ,AoiSummer0810
邱可,UCZVkCI9NKz7q9JVW9oiTQJA,
LMPAPER,UCSm_fWnT4OiXPMetcjaMOZQ,OforeGverFpapare
須多夜花,UCuy-kZJ7HWwUU-eKv0zUZFQ,
綾賢ラピス,UCb_9R8SZy_HSJi53zxVh7kg,
Lumina,UCc5cZPorgyc23wKN-Ng1R6w,
綾瑞香,UCYuCbE3H9xmR8_HSFizYFYg,AyaMizuKaVtuber
夏莎莎,UCaN_Pq3x9pzhb7t9KhxQm8Q,
紗夏,UCQucf5TmsGZZPE-zpC9f5LA,
祈霓,UCtWuTDvZeZ09COJ2SjfESzQ,
希靈,UCM1nL55m_QImE0ZRqvGmWWQ,
蝦拉拉,UCfSznBOuXiDxON_YUMCSFiQ,
楠橋詩耶,UCJbu-IrgxPITxHMdwbSnAUw,kusubashishiya
##Hong Kong Vtuber,,
如月ルミィ,UCJcKh9mwJH4zhHsU4NDs54g,
米亞,UCVDrzfo7NnOvNx8dU-Ebitg,gummy_forest
723,UCPRoAQz0i7KetoGKWKh8c5w,
##Malaysia Vtuber,,
秋月イノリ,UCSSqkGEa3TlzHkvvGabwT_g,
##Unknown Nationalaity Vtuber,,
砂糖,UC7fLSw4NeZwViAz7oX54Mlg,
