Display Name,View Count,Title,Publish Time,URL,Thumbnail URL
浠Mizuki,249568,《你站在雲林 我輸得徹底👆😑👇》Cover by 浠Mizuki,2022-01-19T20:00:13Z,https://www.youtube.com/watch?v=RvjTqV5hgro,https://i.ytimg.com/vi/RvjTqV5hgro/mqdefault.jpg
浠Mizuki,166521,Rewrite The Stars / 浠Mizuki & Niaws鳥屎 (cover),2022-01-29T20:00:10Z,https://www.youtube.com/watch?v=L7HyqWrRFBw,https://i.ytimg.com/vi/L7HyqWrRFBw/mqdefault.jpg
璐洛洛,114046,🔴AR59 ASIA【#原神 / Genshin】2.5版本官方前瞻直播一起看🦊是...是心心念念的狐狸嗎!? 海燈節活動一次肝! ▹璐洛洛◃,2022-02-05T03:49:59Z,https://www.youtube.com/watch?v=6EQZjpj-Scc,https://i.ytimg.com/vi/6EQZjpj-Scc/mqdefault.jpg
李李鈴蘭,109098,【歌回LA】古風歌回🎧讓音樂慢慢沁入你的心脾｜Singing stream,2022-01-12T22:06:59Z,https://www.youtube.com/watch?v=VD5Lgk0T_UA,https://i.ytimg.com/vi/VD5Lgk0T_UA/mqdefault.jpg
菲フェイ,82991,"Fei. 祝我生日快樂 !加班 |˶˙ᵕ˙˶)꜆ !YT !LINE !比賽 !VPN | 1/14
",2022-01-14T05:34:00Z,https://www.twitch.tv/videos/1263026177,https://static-cdn.jtvnw.net/cf_vods/d1m7jfoe9zdc1j/0c73cc3f6208cbef4667_fei_z_45140097453_1642138432//thumb/thumb0-%{width}x%{height}.jpg
璐洛洛,77058,【原神研究室】申鶴全分析🐦▸甘雨、神里狂喜，冰系隊伍專屬輔助！只有冰隊能用嗎？聖遺物/命座建議/天賦/武器/組隊搭配 ▹璐洛洛◃,2022-01-08T00:15:13Z,https://www.youtube.com/watch?v=4cWxai3Aot0,https://i.ytimg.com/vi/4cWxai3Aot0/mqdefault.jpg
李李鈴蘭,71127,【原創曲】旭日微光／李李鈴蘭LinglanLily,2022-01-28T21:45:13Z,https://www.youtube.com/watch?v=MV-hR82zR1I,https://i.ytimg.com/vi/MV-hR82zR1I/mqdefault.jpg
李李鈴蘭,70924,【官方歌回剪輯】Ado/踊 ｜李李鈴蘭,2022-01-08T20:00:13Z,https://www.youtube.com/watch?v=XBp3ezYk5MI,https://i.ytimg.com/vi/XBp3ezYk5MI/mqdefault.jpg
璐洛洛,70731,【原神研究室】雲堇放大鏡🚩▸宵宮進化加特林！普攻流專屬輔助！組隊空間變得更加彈性多變，聖遺物/命座建議/天賦/武器/組隊搭配 ▹璐洛洛◃,2022-01-10T22:00:12Z,https://www.youtube.com/watch?v=7lV5by_F6a0,https://i.ytimg.com/vi/7lV5by_F6a0/mqdefault.jpg
璐洛洛,62876,【原神研究室】甘雨復刻Q&A💙▸11個常見甘雨的疑問？先1命還是阿莫斯？融化流還是永凍流？樂團套還是冰套？手殘黨和手機黨要抽嗎？甘雨畢業面板參考 ▹璐洛洛◃,2022-01-30T01:15:14Z,https://www.youtube.com/watch?v=iWadpypxMMQ,https://i.ytimg.com/vi/iWadpypxMMQ/mqdefault.jpg
菲フェイ,62470,"Fei. 謝謝大家 !加班 |˶˙ᵕ˙˶)꜆ 17號有發發活動 !YT !LINE !比賽 !VPN | 1/15
",2022-01-15T22:44:29Z,https://www.twitch.tv/videos/1264947186,https://static-cdn.jtvnw.net/cf_vods/d1m7jfoe9zdc1j/433b7369ab5edacfbec4_fei_z_45162026621_1642286661//thumb/thumb0-%{width}x%{height}.jpg
李李鈴蘭,56060,【李李鈴蘭】Vtuber一問一答自我介紹,2022-01-21T18:00:05Z,https://www.youtube.com/watch?v=8xhv4FbRdF4,https://i.ytimg.com/vi/8xhv4FbRdF4/mqdefault.jpg
璐洛洛,54891,🔴AR59 ASIA【#原神 / Genshin】滿命甘雨/鍾離來我家!💙睽違一年的老公老婆肥來啦！ ▹璐洛洛◃,2022-01-26T03:52:09Z,https://www.youtube.com/watch?v=81OeHG60T3o,https://i.ytimg.com/vi/81OeHG60T3o/mqdefault.jpg
杏仁ミル,53996,欅坂46／不協和音 【cover by 杏仁ミル、虎妮β、鳳玲天々、花守へるし、兔姬、15號、阿露比】,2022-01-16T12:00:14Z,https://www.youtube.com/watch?v=tgCMEl5ebBk,https://i.ytimg.com/vi/tgCMEl5ebBk/mqdefault.jpg
李李鈴蘭,50896,【歌回LA】15萬訂閱🐺轉動吧！魔法輪盤｜Singing stream for 150k sub!,2022-01-28T22:21:01Z,https://www.youtube.com/watch?v=7JT5U8L2h9A,https://i.ytimg.com/vi/7JT5U8L2h9A/mqdefault.jpg
猫宮 バニラ,47521,[貓宮香草] 1/6 >> 等S4洗白  隨便玩的伺服器 << !DC,2022-01-06T11:58:36Z,https://www.twitch.tv/videos/1254688772,https://static-cdn.jtvnw.net/cf_vods/d1m7jfoe9zdc1j/1923b07053e8992652e3_vanilla_shironeko_45044283725_1641470308//thumb/thumb0-%{width}x%{height}.jpg
李李鈴蘭,47056,哇你看是熱狗欸,2022-01-17T18:00:19Z,https://www.youtube.com/watch?v=ND7oQlo_4O8,https://i.ytimg.com/vi/ND7oQlo_4O8/mqdefault.jpg
貝莉莓Vtype,45568,PTT說我老，那又怎樣???【貝莉莓】,2022-01-31T17:00:00Z,https://www.youtube.com/watch?v=23ocruUaV34,https://i.ytimg.com/vi/23ocruUaV34/mqdefault.jpg
璐洛洛,44773,🔴AR59 ASIA【#原神 / Genshin】滿命甘雨/鍾離來我家 Part2!💙看直播抽月卡！每周日滷肉幫到你家 ▹璐洛洛◃,2022-01-31T04:55:27Z,https://www.youtube.com/watch?v=QTFzDp2P7Nc,https://i.ytimg.com/vi/QTFzDp2P7Nc/mqdefault.jpg
Yu,44493,【GTA5】新！單人黃金門開門法！2022年版 | 佩里克島搶劫,2022-01-07T19:36:18Z,https://www.youtube.com/watch?v=5qltNNvkq8c,https://i.ytimg.com/vi/5qltNNvkq8c/mqdefault.jpg
璐洛洛,43668,【原神研究室】2.4版本鍾離復刻Q&A🧡▸9個常見鍾離的疑問？誰該抽鍾離？血牛/大招流/盾輔流聖遺物、武器怎麼穿？被針對退環境？全元素主流隊伍搭配、最詳細命座抽取建議、全流派畢業面板參考 ▹璐洛洛◃,2022-02-02T22:00:15Z,https://www.youtube.com/watch?v=74RlwZI2Mjs,https://i.ytimg.com/vi/74RlwZI2Mjs/mqdefault.jpg
猫宮 バニラ,41830,[貓宮香草] 1/9 舌根超痛RRR  !DC,2022-01-09T11:04:47Z,https://www.twitch.tv/videos/1258012836,https://static-cdn.jtvnw.net/cf_vods/d1m7jfoe9zdc1j/da9a718483771841d7a4_vanilla_shironeko_45083062093_1641726280//thumb/thumb0-%{width}x%{height}.jpg
璐洛洛,41332,🔴AR59 ASIA【#原神 / Genshin】精采絕倫三蛋黃！滿命申鶴/魈來我家 Part 2!💙每周日滷肉幫到你家！ ▹璐洛洛◃,2022-01-10T04:44:14Z,https://www.youtube.com/watch?v=KcJ6_jL9MkY,https://i.ytimg.com/vi/KcJ6_jL9MkY/mqdefault.jpg
璐洛洛,39188,🔴LIVE【新衣裝發表!】洛洛終於有新衣服啦! 一起來看滷肉幫想像的新衣裝長什麼樣😂 ▹璐洛洛◃,2022-01-29T23:55:57Z,https://www.youtube.com/watch?v=gdyGQ-QG3i8,https://i.ytimg.com/vi/gdyGQ-QG3i8/mqdefault.jpg
懶貓子,38826,【新型態披露】新型態的初次亮相！！！！｜Rumi/懶貓子,2022-01-30T22:11:22Z,https://www.youtube.com/watch?v=fMn-WqkdPsA,https://i.ytimg.com/vi/fMn-WqkdPsA/mqdefault.jpg
菲フェイ,38811,"Fei. 時間加倍中 !加班  |˶˙ᵕ˙˶)꜆  !YT !LINE !比賽 !VPN | 1/14-1/19
",2022-01-19T11:57:04Z,https://www.twitch.tv/videos/1268733924,https://static-cdn.jtvnw.net/cf_vods/d1m7jfoe9zdc1j/1d5129088a80c4c9ac50_fei_z_45206309149_1642593417//thumb/thumb0-%{width}x%{height}.jpg
猫宮 バニラ,37596,[貓宮香草] 1/12 黃金體驗鎮魂曲  !DC,2022-01-12T10:34:08Z,https://www.twitch.tv/videos/1261073830,https://static-cdn.jtvnw.net/cf_vods/d1m7jfoe9zdc1j/f2a03db5b75ced5149f9_vanilla_shironeko_45118203645_1641983640//thumb/thumb0-%{width}x%{height}.jpg
李李鈴蘭,36406,【魔法私塾音訊空間精華】老吉 ft. @瑪格麗特．溫特斯 / Margaret．Winters 【CloudHorizon所屬】,2022-01-10T18:00:21Z,https://www.youtube.com/watch?v=o7xzrP3tvqQ,https://i.ytimg.com/vi/o7xzrP3tvqQ/mqdefault.jpg
浠Mizuki,35892,【ASMR男性向け・囁き】同棲彼女と添い寝(和同居女友一起睡)【中文cc字幕】,2022-01-13T20:00:12Z,https://www.youtube.com/watch?v=5ZwboWkL3_s,https://i.ytimg.com/vi/5ZwboWkL3_s/mqdefault.jpg
猫宮 バニラ,35504,[貓宮香草] 1/10 一講話就會痛  少說話  !DC,2022-01-10T13:05:20Z,https://www.twitch.tv/videos/1259109613,https://static-cdn.jtvnw.net/cf_vods/d1m7jfoe9zdc1j/89c7099a7d9d148f0955_vanilla_shironeko_45095999629_1641819913//thumb/thumb0-%{width}x%{height}.jpg
李李鈴蘭,35426,跟老鼠掰掰的台語要怎麼說？ #李李鈴蘭,2022-01-14T23:12:07Z,https://www.youtube.com/watch?v=XvI5kUS-RPE,https://i.ytimg.com/vi/XvI5kUS-RPE/mqdefault.jpg
Yu,33328,【GTA5】無限爽賺100萬！免前置打合約專家尾關「別惹德瑞」 ！合約專家,2022-01-19T00:04:18Z,https://www.youtube.com/watch?v=XiohaZfChxg,https://i.ytimg.com/vi/XiohaZfChxg/mqdefault.jpg
璐洛洛,32904,【原神】大佬來開秀11▸真．降魔大聖👹！滿命魈三下戳爆獸境王獸？武器面板與聖遺物展示 ▹璐洛洛◃,2022-01-18T21:30:15Z,https://www.youtube.com/watch?v=pasB7GcHoDA,https://i.ytimg.com/vi/pasB7GcHoDA/mqdefault.jpg
璐洛洛,32780,🔴AR59 ASIA【#原神 / Genshin】鍾離&甘雨復刻代抽預約中，每周日滷肉幫到你家! ▹璐洛洛◃,2022-01-24T04:04:44Z,https://www.youtube.com/watch?v=VWc0C12Agj8,https://i.ytimg.com/vi/VWc0C12Agj8/mqdefault.jpg
菲フェイ,32689,"Fei. ya !加班  |˶˙ᵕ˙˶)꜆  !YT !LINE !比賽 !VPN | 1/14-1/24
",2022-01-24T12:37:19Z,https://www.twitch.tv/videos/1274352280,https://static-cdn.jtvnw.net/cf_vods/d1m7jfoe9zdc1j/5ea4b70bea583dad879d_fei_z_45269864509_1643027832//thumb/thumb0-%{width}x%{height}.jpg
猫宮 バニラ,32628,[貓宮香草] 1/8 話少 保養喉嚨 !DC,2022-01-08T13:54:04Z,https://www.twitch.tv/videos/1256957582,https://static-cdn.jtvnw.net/cf_vods/d1m7jfoe9zdc1j/a30fff4a74d0ed081414_vanilla_shironeko_45070429341_1641650036//thumb/thumb0-%{width}x%{height}.jpg
菲フェイ,32230,"Fei. Woo虎 滿等開視訊 !加班 |˶˙ᵕ˙˶)꜆  !YT !LINE !比賽 !VPN | 1/14-1/17
",2022-01-17T20:36:56Z,https://www.twitch.tv/videos/1267035651,https://static-cdn.jtvnw.net/cf_vods/d1m7jfoe9zdc1j/fb2dd2e8d328c4334151_fei_z_45186564173_1642451808//thumb/thumb0-%{width}x%{height}.jpg
璐洛洛,32190,【原神】阿莫斯聲控抽卡精華▸常駐池15分之1的機率，竟然心想事成？另外再送你個雙蛋黃～這不是我認識的米哈遊阿😱 ▹璐洛洛◃,2022-01-24T22:45:13Z,https://www.youtube.com/watch?v=Oc0kDj-wjCw,https://i.ytimg.com/vi/Oc0kDj-wjCw/mqdefault.jpg
杏仁ミル,31951,神っぽいな／ピノキオピー Covered by 杏仁ミル,2022-01-22T15:00:14Z,https://www.youtube.com/watch?v=YsnGyAOYiTs,https://i.ytimg.com/vi/YsnGyAOYiTs/mqdefault.jpg
菲フェイ,31567,"Fei. A比賽 延遲一分鐘 !加班  |˶˙ᵕ˙˶)꜆  !YT !LINE !比賽 !VPN | 1/14-1/22
",2022-01-22T15:03:55Z,https://www.twitch.tv/videos/1272207217,https://static-cdn.jtvnw.net/cf_vods/d1m7jfoe9zdc1j/8daeb4b35e104a67cdd1_fei_z_45244801677_1642863827//thumb/thumb0-%{width}x%{height}.jpg
李李鈴蘭,31185,叮咚！您有一封未讀的信件,2022-01-26T18:30:07Z,https://www.youtube.com/watch?v=Ii69FJ5ojS8,https://i.ytimg.com/vi/Ii69FJ5ojS8/mqdefault.jpg
杏仁ミル,29969,咪嚕師父那根很大你忍一下 #Shorts,2022-01-19T17:00:16Z,https://www.youtube.com/watch?v=nZBQou83CN4,https://i.ytimg.com/vi/nZBQou83CN4/mqdefault.jpg
猫宮 バニラ,29959,[貓宮香草] 1/7 喉嚨痛痛  天氣好冷 !DC,2022-01-07T11:39:22Z,https://www.twitch.tv/videos/1255728237,https://static-cdn.jtvnw.net/cf_vods/d1m7jfoe9zdc1j/23d08c467d0fdc5dd246_vanilla_shironeko_45056152653_1641555554//thumb/thumb0-%{width}x%{height}.jpg
猫宮 バニラ,29636,[貓宮香草] 1/14 不知道要幹嘛  !DC,2022-01-14T06:33:45Z,https://www.twitch.tv/videos/1263054493,https://static-cdn.jtvnw.net/cf_vods/d1m7jfoe9zdc1j/ab2aae20bc0d1193ff55_vanilla_shironeko_45140490365_1642142017//thumb/thumb0-%{width}x%{height}.jpg
浠Mizuki,29057,【歌枠】傷心歌回இдஇ【浠Mizuki Karaoke】,2022-01-30T00:14:50Z,https://www.youtube.com/watch?v=5It_ReTJZvM,https://i.ytimg.com/vi/5It_ReTJZvM/mqdefault.jpg
浠Mizuki,28940,【突發】10萬訂閱倒數耐久歌回！【浠Mizuki Karaoke】,2022-02-03T23:16:00Z,https://www.youtube.com/watch?v=y8TsdgAxw_8,https://i.ytimg.com/vi/y8TsdgAxw_8/mqdefault.jpg
浠Mizuki,27920,【歌枠】VOCALOID曲限定歌回！有沒有你回憶中的神曲呢？【浠Mizuki Karaoke】 📢＼#PLANET9 #新春電玩展 開跑！／,2022-01-23T00:17:25Z,https://www.youtube.com/watch?v=M1-ix92kABQ,https://i.ytimg.com/vi/M1-ix92kABQ/mqdefault.jpg
李李鈴蘭,27405,【VR展覽線上逛】這個VR同人展可以線上逛街欸 #李李鈴蘭,2022-01-10T21:58:36Z,https://www.youtube.com/watch?v=tOBqwFBvCRo,https://i.ytimg.com/vi/tOBqwFBvCRo/mqdefault.jpg
璐洛洛,26996,【原神】大佬來開秀10▸只要0命可莉+1命甘雨，就能『無傷』+『單通』+『滿星』通關深境螺旋12層？武器面板與聖遺物展示 ▹璐洛洛◃,2022-01-14T21:00:14Z,https://www.youtube.com/watch?v=Ast6xotVbkc,https://i.ytimg.com/vi/Ast6xotVbkc/mqdefault.jpg
李李鈴蘭,26678,【歌回LA】11萬訂釣魚歌回🐺一時釣魚一時爽｜Singing stream for 110k sub!,2022-02-04T21:18:07Z,https://www.youtube.com/watch?v=wnDi0woy9RE,https://i.ytimg.com/vi/wnDi0woy9RE/mqdefault.jpg
杏仁ミル,25229,歡迎光臨 L'Amour💛這裡只賣戀愛的感覺💛【酒雜】,2022-02-01T03:15:41Z,https://www.youtube.com/watch?v=XcYF-M360kU,https://i.ytimg.com/vi/XcYF-M360kU/mqdefault.jpg
懶貓子,24971,【歌ってみた】告白氣球｜covered by Rumi懶貓子,2022-01-22T19:00:14Z,https://www.youtube.com/watch?v=Xfv0OS-M7vM,https://i.ytimg.com/vi/Xfv0OS-M7vM/mqdefault.jpg
璐洛洛,24958,【原神研究室】淵下宮探索▸10分鐘看完地圖全開全流程(止水之潘、常夜靈廟、蛇心之地) & 烏帽子隱藏島嶼試煉! 大量原石&新成就GET! ▹璐洛洛◃,2022-01-17T21:30:11Z,https://www.youtube.com/watch?v=OUUBOfYw9OQ,https://i.ytimg.com/vi/OUUBOfYw9OQ/mqdefault.jpg
猫夜 凜,24458,【官方精華剪輯】萌虎出閘 整個背都是凜凜愛的痕跡 | 猫夜凜,2022-01-22T18:30:05Z,https://www.youtube.com/watch?v=BcszpOi8s-M,https://i.ytimg.com/vi/BcszpOi8s-M/mqdefault.jpg
懶貓子,24086,【歌粹】可愛的曲限定唱歌！！【幼貓子】Rumi/懶貓子,2022-01-31T21:53:44Z,https://www.youtube.com/watch?v=td_c4FILj_4,https://i.ytimg.com/vi/td_c4FILj_4/mqdefault.jpg
璐洛洛,23869,🔴AR59 ASIA【#原神 / Genshin】風行迷蹤第二屆友誼賽下週六舉辦，每周日滷肉幫到你家! ▹璐洛洛◃,2022-01-17T04:01:56Z,https://www.youtube.com/watch?v=pcKld1RzJXk,https://i.ytimg.com/vi/pcKld1RzJXk/mqdefault.jpg
浠Mizuki,23839,【歌枠】英文歌限定歌回！【浠Mizuki Karaoke】,2022-01-15T23:44:01Z,https://www.youtube.com/watch?v=flbxnJWjkXc,https://i.ytimg.com/vi/flbxnJWjkXc/mqdefault.jpg
璐洛洛,23741,【原神】大佬來開秀13▸2.4最新深境螺旋，滿命甘雨+宵宮，射手雙嬌滿星無傷單通！武器面板與聖遺物展示 ▹璐洛洛◃,2022-01-27T23:30:13Z,https://www.youtube.com/watch?v=7ubdP5Tz2mw,https://i.ytimg.com/vi/7ubdP5Tz2mw/mqdefault.jpg
Yu,23485,GTA5推出八年後官方終於給出正史結局！你可能不知道的彩蛋一次看！合約專家,2022-01-29T11:00:23Z,https://www.youtube.com/watch?v=yBl82XbiNks,https://i.ytimg.com/vi/yBl82XbiNks/mqdefault.jpg
璐洛洛,23206,🔴AR59 ASIA【#原神 / Genshin】日常肝▸魔藥陳研析一次通、淵下宮探險囉！ ▹璐洛洛◃,2022-01-12T04:45:02Z,https://www.youtube.com/watch?v=bmYqrHDk-_Y,https://i.ytimg.com/vi/bmYqrHDk-_Y/mqdefault.jpg
杏仁ミル,23128,說愛我說愛我說愛我說愛我說愛我說愛我說愛我說愛我說愛我說愛我說愛我說愛我說愛我說愛我說愛我說愛我說愛我說愛我說愛我說愛我【NEEDY GIRL OVERDOSE】,2022-01-30T00:03:48Z,https://www.youtube.com/watch?v=2uCbvvTzabw,https://i.ytimg.com/vi/2uCbvvTzabw/mqdefault.jpg
璐洛洛,22772,【原神】台日PK🔥滿命一斗 Round 1▸究竟誰能用最少抽數抽完呢？首度挑戰日文直播的洛洛! Ft. @変な親爺 Henna-Oyajii  ▹璐洛洛◃,2022-01-12T22:30:11Z,https://www.youtube.com/watch?v=vjyNfo_TKN8,https://i.ytimg.com/vi/vjyNfo_TKN8/mqdefault.jpg
杏仁ミル,22730,主播抽gogoro 嗎 #shorts,2022-01-14T06:25:46Z,https://www.youtube.com/watch?v=in1PPfILS7o,https://i.ytimg.com/vi/in1PPfILS7o/mqdefault.jpg
猫宮 バニラ,22447,[貓宮香草] 1/11 體驗伺服器  !DC,2022-01-11T14:42:27Z,https://www.twitch.tv/videos/1260169979,https://static-cdn.jtvnw.net/cf_vods/d1m7jfoe9zdc1j/785a4c3344dd7a7a0591_vanilla_shironeko_45108112381_1641912139//thumb/thumb0-%{width}x%{height}.jpg
猫宮 バニラ,21909,[貓宮香草] 1/9 舌根超痛RRR  !DC,2022-01-09T19:05:24Z,https://www.twitch.tv/videos/1258394765,https://static-cdn.jtvnw.net/cf_vods/d1m7jfoe9zdc1j/056373dd01a219af7194_vanilla_shironeko_45087196877_1641755116//thumb/thumb0-%{width}x%{height}.jpg
璐洛洛,21748,🔴AR59 ASIA【#原神 / Genshin】風行迷蹤第二屆友誼賽開打，Google Play大挑戰一起看！ ▹璐洛洛◃,2022-01-23T03:16:29Z,https://www.youtube.com/watch?v=ypzZMrQPKkQ,https://i.ytimg.com/vi/ypzZMrQPKkQ/mqdefault.jpg
懶貓子,21631,【重大告知】第一次的重大告知！！！！！！【歌粹】｜Rumi/懶貓子,2022-01-23T22:31:37Z,https://www.youtube.com/watch?v=wop882V4iPY,https://i.ytimg.com/vi/wop882V4iPY/mqdefault.jpg
烟花蹦蹦蹦,21380,【烟花】準時了都_(:3 ⌒ﾞ)_　BGM影片好了！下播後POYT | !新片!賴貼圖!比賽,2022-01-12T09:00:13Z,https://www.twitch.tv/videos/1261041237,https://static-cdn.jtvnw.net/cf_vods/d1m7jfoe9zdc1j/5642d557b6869fa3cb5a_hennie2001_45117812893_1641978005//thumb/thumb0-%{width}x%{height}.jpg
浠Mizuki,21254,【過年啦！麻將啦！】除夕夜打雀魂賺紅包錢！ft.哈瓜、KSP、阿毛【浠Mizuki Game】,2022-02-01T01:18:35Z,https://www.youtube.com/watch?v=IGDlz7k-iwc,https://i.ytimg.com/vi/IGDlz7k-iwc/mqdefault.jpg
璐洛洛,20574,🔴AR59 ASIA【#原神 / Genshin】日常肝▸申鶴傳說任務一起看、深境螺旋最後一天! ▹璐洛洛◃,2022-01-16T03:35:30Z,https://www.youtube.com/watch?v=3u6E2z_7DHI,https://i.ytimg.com/vi/3u6E2z_7DHI/mqdefault.jpg
懶貓子,20365,【#原神】貓兄妹抽卡PK！ #６｜Rumi/懶貓子,2022-01-07T21:58:46Z,https://www.youtube.com/watch?v=3WH1izuyDYY,https://i.ytimg.com/vi/3WH1izuyDYY/mqdefault.jpg
李李鈴蘭,20348,【官方歌回剪輯】La la la/Naughty Boy ft. Sam Smith ｜李李鈴蘭,2022-01-19T20:00:59Z,https://www.youtube.com/watch?v=952NlTS4Iw0,https://i.ytimg.com/vi/952NlTS4Iw0/mqdefault.jpg
李李鈴蘭,20065,【練習LA】除夕快樂🐺電鋼琴練習 #李李鈴蘭,2022-01-31T21:43:39Z,https://www.youtube.com/watch?v=UEXLT152GuE,https://i.ytimg.com/vi/UEXLT152GuE/mqdefault.jpg
杏仁ミル,19855,【#文字狼人殺🐺】到底誰才是披著郎皮的妹子!!! 超爆笑文字狼人殺! ft.懶貓子、久遠たま、浠Mizuki、涼風しとら、もちこまめ,2022-02-01T21:52:59Z,https://www.youtube.com/watch?v=xEKGoMFJL_k,https://i.ytimg.com/vi/xEKGoMFJL_k/mqdefault.jpg
懶貓子,19833,【#原神#７】貓兄妹抽卡PK！復讐的時・・【禮物企劃】｜Rumi/懶貓子,2022-01-29T21:52:21Z,https://www.youtube.com/watch?v=ZZZMkWbrIfE,https://i.ytimg.com/vi/ZZZMkWbrIfE/mqdefault.jpg
杏仁ミル,19455,"唱唱歌的日子( 'ω'  و( و""♪",2022-01-27T00:22:13Z,https://www.youtube.com/watch?v=qpkBP4zW6kE,https://i.ytimg.com/vi/qpkBP4zW6kE/mqdefault.jpg
烟花蹦蹦蹦,19091,【烟花】太忙都讓大家久等啦！羊到新小鎮了٩(◦`꒳´◦)۶| !新片!賴貼圖,2022-01-09T17:10:05Z,https://www.twitch.tv/videos/1258276962,https://static-cdn.jtvnw.net/cf_vods/d1m7jfoe9zdc1j/ce5dd6ba81f1d752d9b2_hennie2001_45085927965_1641748197//thumb/thumb0-%{width}x%{height}.jpg
烟花蹦蹦蹦,18915,【烟花】懶懶羊(●´ω｀●)ゞ 發發活動期間有活動！ | !新片!賴貼圖!比賽,2022-01-15T11:03:43Z,https://www.twitch.tv/videos/1264305365,https://static-cdn.jtvnw.net/cf_vods/d1m7jfoe9zdc1j/2525af9107347c4d5333_hennie2001_45155026013_1642244616//thumb/thumb0-%{width}x%{height}.jpg
懶貓子,18814,【懲罰遊戲】在健康歩道上唱歌・・【#歌粹】 ｜Rumi/懶貓子,2022-01-15T22:58:10Z,https://www.youtube.com/watch?v=Qzl_3LsUWqA,https://i.ytimg.com/vi/Qzl_3LsUWqA/mqdefault.jpg
猫宮 バニラ,18433,[貓宮香草] 1/19 484該找新遊戲  !DC,2022-01-19T11:07:46Z,https://www.twitch.tv/videos/1268713256,https://static-cdn.jtvnw.net/cf_vods/d2nvs31859zcd8/1e7342d3494f78d854b2_vanilla_shironeko_40448326363_1642590458//thumb/thumb0-%{width}x%{height}.jpg
菲フェイ,18392,"Fei. 跟仙人玩一下 !生日活動 |˶˙ᵕ˙˶)꜆ !YT !LINE !VPN | 1/9
",2022-01-09T06:23:55Z,https://www.twitch.tv/videos/1257888510,https://static-cdn.jtvnw.net/cf_vods/d1m7jfoe9zdc1j/f95d033bbfe718424bc3_fei_z_45081349469_1641709426//thumb/thumb0-%{width}x%{height}.jpg
Yu,18337,【GTA5】密技！無限3分鐘17萬！取消電話殺機冷卻時間！合約專家,2022-01-16T23:24:20Z,https://www.youtube.com/watch?v=3tuNncIZ3Lg,https://i.ytimg.com/vi/3tuNncIZ3Lg/mqdefault.jpg
璐洛洛,18292,【原神】申鶴/魈抽卡精華▸精彩絕倫三蛋黃😱！武器定軌是什麼？陽壽耗盡的鬼之抽卡 ▹璐洛洛◃,2022-02-01T22:00:13Z,https://www.youtube.com/watch?v=HQohCGEUhq0,https://i.ytimg.com/vi/HQohCGEUhq0/mqdefault.jpg
杏仁ミル,18114,色色製作人養成病嬌色色Vtuber【NEEDY GIRL OVERDOSE】,2022-02-02T15:30:16Z,https://www.youtube.com/watch?v=iuf9RnrE8eQ,https://i.ytimg.com/vi/iuf9RnrE8eQ/mqdefault.jpg
烟花蹦蹦蹦,18090,【烟花】羊羊來拉 (*´∀`)~♥ Woo虎紅包挑戰開跑！ | !活動!新片!比賽!賴貼圖,2022-01-17T10:51:33Z,https://www.twitch.tv/videos/1266568011,https://static-cdn.jtvnw.net/cf_vods/d1m7jfoe9zdc1j/fb745e8c928c22eaaa34_hennie2001_45181552493_1642416686//thumb/thumb0-%{width}x%{height}.jpg
李李鈴蘭,17918,【官方歌回剪輯】故夢/澄翼 ｜李李鈴蘭,2022-01-24T20:00:17Z,https://www.youtube.com/watch?v=KCB-cw_ISGY,https://i.ytimg.com/vi/KCB-cw_ISGY/mqdefault.jpg
阿爾姿,17592,【初配信】我是阿爾姿！你們準備好了嗎？！女王來了！【阿爾姿/惡獸時代】,2022-01-17T21:20:02Z,https://www.youtube.com/watch?v=_X8lNugN2YA,https://i.ytimg.com/vi/_X8lNugN2YA/mqdefault.jpg
杏仁ミル,17500,【unpacking】整理狂看了都會中風( ´∀｀ ) 年末大掃除！,2022-01-25T00:54:14Z,https://www.youtube.com/watch?v=Z1B8Zsxesrw,https://i.ytimg.com/vi/Z1B8Zsxesrw/mqdefault.jpg
李李鈴蘭,17445,【雜談LA】魔法輪盤🐺15萬訂歌回後日談 #瑪格麗特溫特斯 #李李鈴蘭,2022-01-30T22:27:36Z,https://www.youtube.com/watch?v=TpZpid8-wsY,https://i.ytimg.com/vi/TpZpid8-wsY/mqdefault.jpg
懶貓子,17273,【官方烤肉#９】前進迪士尼! 沒想到也是恐怖遊戲?｜Rumi/懶貓子,2022-01-19T19:00:19Z,https://www.youtube.com/watch?v=dy9vq2jVDIo,https://i.ytimg.com/vi/dy9vq2jVDIo/mqdefault.jpg
李李鈴蘭,17166,【狼要來吃棉花糖】好吃一直吃 #李李鈴蘭,2022-01-25T22:15:24Z,https://www.youtube.com/watch?v=xgrwnHSoO_0,https://i.ytimg.com/vi/xgrwnHSoO_0/mqdefault.jpg
猫宮 バニラ,17053,[貓宮香草] 1/25 又冷又好睡  !DC,2022-01-25T12:17:08Z,https://www.twitch.tv/videos/1275400431,https://static-cdn.jtvnw.net/cf_vods/d2nvs31859zcd8/e32677a2f2d1dba5fac4_vanilla_shironeko_40472695147_1643113023//thumb/thumb0-%{width}x%{height}.jpg
菲フェイ,16749,"Fei. 自主練習 !生日活動 |˶˙ᵕ˙˶)꜆ !YT !LINE !比賽 | 1/11
",2022-01-11T05:30:46Z,https://www.twitch.tv/videos/1259939519,https://static-cdn.jtvnw.net/cf_vods/d1m7jfoe9zdc1j/17ab6fb665a22c057d57_fei_z_45105287613_1641879039//thumb/thumb0-%{width}x%{height}.jpg
杏仁ミル,16735,三寶上路！咪嚕拉車車！【Euro Truck Simulator 2】,2022-02-02T22:36:20Z,https://www.youtube.com/watch?v=TRiFYq34wOY,https://i.ytimg.com/vi/TRiFYq34wOY/mqdefault.jpg
猫宮 バニラ,16603,[貓宮香草] 1/29 撤離行動 大戰被被怪  !DC,2022-01-29T11:19:19Z,https://www.twitch.tv/videos/1279880305,https://static-cdn.jtvnw.net/cf_vods/d2nvs31859zcd8/1f30de0cf472581dde01_vanilla_shironeko_40485924331_1643455155//thumb/thumb0-%{width}x%{height}.jpg
猫宮 バニラ,16584,[貓宮香草] 1/17  累累病  !DC,2022-01-17T13:41:41Z,https://www.twitch.tv/videos/1266648306,https://static-cdn.jtvnw.net/cf_vods/d1m7jfoe9zdc1j/9c954e5f9aab4ce4a03b_vanilla_shironeko_45182524237_1642426893//thumb/thumb0-%{width}x%{height}.jpg
猫宮 バニラ,16550,[貓宮香草] 1/26 睡覺台  !DC,2022-01-26T11:54:25Z,https://www.twitch.tv/videos/1276482423,https://static-cdn.jtvnw.net/cf_vods/d1m7jfoe9zdc1j/634fb7df9d24b02f81bf_vanilla_shironeko_45293019581_1643198061//thumb/thumb0-%{width}x%{height}.jpg
烟花蹦蹦蹦,16256,【烟花】今天要玩什麼呢( ⸝•ᴗ•⸝)♡ | 經驗值動了但是... 挑戰快十等了！ | !活動!新片!比賽!賴貼圖,2022-01-19T13:45:09Z,https://www.twitch.tv/videos/1268792959,https://static-cdn.jtvnw.net/cf_vods/d2nvs31859zcd8/416d65ca17ac241fb933_hennie2001_40448762571_1642599901//thumb/thumb0-%{width}x%{height}.jpg
烟花蹦蹦蹦,16157,【烟花】從老家回來了！新的一個月過年啦٩(◦`꒳´◦)۶ | 小奇點貼圖更新💕| 2/4層層恐懼💜 | !行程!新片!賴貼圖,2022-02-01T14:10:14Z,https://www.twitch.tv/videos/1283330918,https://static-cdn.jtvnw.net/cf_vods/d2nvs31859zcd8/ac8fc5c0866fbd4a28fd_hennie2001_40495867179_1643724609//thumb/thumb0-%{width}x%{height}.jpg
璐洛洛,16149,【原神】大佬來開秀12▸2.4最新一期深境螺旋，雲堇參戰！只要6隻輔助就能滿星？武器面板與聖遺物展示 ▹璐洛洛◃,2022-01-22T19:30:14Z,https://www.youtube.com/watch?v=kdq98MlbdqY,https://i.ytimg.com/vi/kdq98MlbdqY/mqdefault.jpg
浠Mizuki,16052,【日記情人節】小浠日記大公開！？關於Mizuki Channel的點點滴滴【浠Mizuki Free Talk】,2022-01-15T00:58:57Z,https://www.youtube.com/watch?v=yHZkf9yoN0Q,https://i.ytimg.com/vi/yHZkf9yoN0Q/mqdefault.jpg
李李鈴蘭,15174,新的一年就要來哇賽的跟著節奏起舞！《世界計畫 繽紛舞台！ feat. 初音未來》#李李鈴蘭,2022-01-31T18:00:17Z,https://www.youtube.com/watch?v=H_TzRYu3UX8,https://i.ytimg.com/vi/H_TzRYu3UX8/mqdefault.jpg
浠Mizuki,15073,【練習歌枠】清唱練習~♪【浠Mizuki Karaoke】📢＼#PLANET9 #新春電玩展 開跑！／,2022-01-27T23:00:01Z,https://www.youtube.com/watch?v=0czH7AhHk1o,https://i.ytimg.com/vi/0czH7AhHk1o/mqdefault.jpg
李李鈴蘭,15019,【採訪狼來LA】一首原創歌曲是怎麼錄成的？feat.極栗音樂、小怪 #李李鈴蘭,2022-01-29T21:08:02Z,https://www.youtube.com/watch?v=Bbt7gnXB_Bo,https://i.ytimg.com/vi/Bbt7gnXB_Bo/mqdefault.jpg
猫宮 バニラ,14893,[貓宮香草] 1/28 今天想小小開  !DC,2022-01-28T10:54:38Z,https://www.twitch.tv/videos/1278648650,https://static-cdn.jtvnw.net/cf_vods/d2nvs31859zcd8/60cd1f6ba773f0179343_vanilla_shironeko_40482474939_1643367273//thumb/thumb0-%{width}x%{height}.jpg
菲フェイ,14779,"Fei. 明天比賽 !加班  |˶˙ᵕ˙˶)꜆  !YT !LINE !比賽 !VPN | 1/14-1/21
",2022-01-21T12:27:38Z,https://www.twitch.tv/videos/1270892001,https://static-cdn.jtvnw.net/cf_vods/d1m7jfoe9zdc1j/3e2d4284b847e9e62343_fei_z_45230157805_1642768050//thumb/thumb0-%{width}x%{height}.jpg
浠Mizuki,14665,【ASMR女性向け・囁き】Mizukiがあなたのメイドになった話「起きてください。」(小浠成為了你的女僕「起床了，大小姐。」)【中文cc字幕】,2022-01-18T20:00:14Z,https://www.youtube.com/watch?v=IqIz3LogAZ8,https://i.ytimg.com/vi/IqIz3LogAZ8/mqdefault.jpg
璐洛洛,14664,【戰神 God of War】給你滿滿的斯巴達💪！生為人父的克雷多斯，殺爆北歐諸神！奎爺霸氣登陸PC平台！ ▹璐洛洛◃,2022-01-26T22:00:14Z,https://www.youtube.com/watch?v=yBlQfob-I2g,https://i.ytimg.com/vi/yBlQfob-I2g/mqdefault.jpg
菲フェイ,14558,"Fei. 剛吃飽開開心心 !生日活動 |˶˙ᵕ˙˶)꜆ !YT !LINE | 1/10
",2022-01-10T07:45:03Z,https://www.twitch.tv/videos/1258990060,https://static-cdn.jtvnw.net/cf_vods/d1m7jfoe9zdc1j/ffeebf90fc82c043d9e7_fei_z_45094498797_1641800695//thumb/thumb0-%{width}x%{height}.jpg
菲フェイ,14442,Fei. 早安 |˶˙ᵕ˙˶)꜆  !YT !LINE !VPN | 1/25,2022-01-26T12:37:58Z,https://www.twitch.tv/videos/1276505271,https://static-cdn.jtvnw.net/cf_vods/d1m7jfoe9zdc1j/c9c3ebb4fdd6cec9d208_fei_z_45293281725_1643200672//thumb/thumb0-%{width}x%{height}.jpg
烟花蹦蹦蹦,14367,【烟花】被窩好溫暖( ⸝•ᴗ•⸝)♡ | 經驗條壞掉手動算！ | !活動!新片!比賽!賴貼圖,2022-01-20T12:25:35Z,https://www.twitch.tv/videos/1269817117,https://static-cdn.jtvnw.net/cf_vods/d2nvs31859zcd8/9c1d336920146ec5208f_hennie2001_40452369867_1642681527//thumb/thumb0-%{width}x%{height}.jpg
悠白,14321,【雲際線企劃】走格子挑戰！質問與冒險的羞恥生死決鬥！ft. 瑪格麗特溫特斯、李李鈴蘭、神稻櫻火｜悠白Ubye #Ubye #悠白 #雲際線,2022-01-26T22:42:06Z,https://www.youtube.com/watch?v=mp3NOvxsr5M,https://i.ytimg.com/vi/mp3NOvxsr5M/mqdefault.jpg
烟花蹦蹦蹦,14261,【烟花】兩天未見，忙的都瘦了(つ´ω`)つ | 晚上出門家人團聚ˇ💜 | !活動!新片!比賽!賴貼圖,2022-01-27T05:54:54Z,https://www.twitch.tv/videos/1277432883,https://static-cdn.jtvnw.net/cf_vods/d2nvs31859zcd8/9f0f4790b0c63019dba6_hennie2001_40479046363_1643262889//thumb/thumb0-%{width}x%{height}.jpg
烟花蹦蹦蹦,14174,【烟花】比賽比賽拉！ | 經驗條恢復了嗎...? | !活動!新片!比賽!賴貼圖,2022-01-23T11:02:07Z,https://www.twitch.tv/videos/1273233832,https://static-cdn.jtvnw.net/cf_vods/d2nvs31859zcd8/04ff0bf0ce0243625bab_hennie2001_40464901195_1642935722//thumb/thumb0-%{width}x%{height}.jpg
杏仁ミル,14079,"聊聊天唱唱歌( 'ω'  و( و""♪",2022-01-07T21:30:18Z,https://www.youtube.com/watch?v=gsS540aK_fc,https://i.ytimg.com/vi/gsS540aK_fc/mqdefault.jpg
猫宮 バニラ,13863,[貓宮香草] 1/8 話少 保養喉嚨 !DC,2022-01-08T09:52:38Z,https://www.twitch.tv/videos/1256826515,https://static-cdn.jtvnw.net/cf_vods/d1m7jfoe9zdc1j/17ba8929dce2460b6662_vanilla_shironeko_45068888765_1641635550//thumb/thumb0-%{width}x%{height}.jpg
猫宮 バニラ,13764,[貓宮香草] 1/24 今天要幹嘛呢  !DC,2022-01-24T10:06:08Z,https://www.twitch.tv/videos/1274289842,https://static-cdn.jtvnw.net/cf_vods/d2nvs31859zcd8/cc4c8b59d15a154cd544_vanilla_shironeko_40468610203_1643018763//thumb/thumb0-%{width}x%{height}.jpg
璐洛洛,13488,【原神研究室】稻妻尋寶篇🌊▸林藏的寶藏、小獵犬號擱淺記、數獨九宮格、如星的寶珠？成就《遠海牧人的寶藏》《誠實高個子西爾弗》《雙城記》 ▹璐洛洛◃,2022-01-07T23:45:12Z,https://www.youtube.com/watch?v=9gmXAQzFzMc,https://i.ytimg.com/vi/9gmXAQzFzMc/mqdefault.jpg
烟花蹦蹦蹦,13071,【烟花】開播是互相治癒的時刻_(:3 ⌒ﾞ)_ | 小奇點貼圖更新💕| 明天團圓飯剛好公休💜 | !行程!新片!賴貼圖,2022-01-30T11:57:29Z,https://www.twitch.tv/videos/1281130685,https://static-cdn.jtvnw.net/cf_vods/d2nvs31859zcd8/3303b85fdc7f84dbdef3_hennie2001_40490113739_1643543845//thumb/thumb0-%{width}x%{height}.jpg
杏仁ミル,13007,【Monster Hunter Rise】失憶的神火村獵人,2022-01-14T03:41:27Z,https://www.youtube.com/watch?v=qDfWvR528ts,https://i.ytimg.com/vi/qDfWvR528ts/mqdefault.jpg
灰名,12959,【灰名KAINA】1/24  今天26歲了【生日一對一通話】,2022-01-25T01:28:22Z,https://www.youtube.com/watch?v=tkM5wNZJ__A,https://i.ytimg.com/vi/tkM5wNZJ__A/mqdefault.jpg
烟花蹦蹦蹦,12815,【烟花】逐漸美國作息(つ´ω`)つ | 小奇點貼圖更新💕| 2/4層層恐懼💜 | !行程!新片!賴貼圖,2022-02-02T12:56:40Z,https://www.twitch.tv/videos/1284354016,https://static-cdn.jtvnw.net/cf_vods/d2nvs31859zcd8/61da7c4ca940708aa339_hennie2001_40498988939_1643806595//thumb/thumb0-%{width}x%{height}.jpg
烟花蹦蹦蹦,12787,【烟花(感冒羊)】賴貼圖好嚴苛都．9:30參加黑蒂絲小活動(｡A｡) | !新片!賴貼圖,2022-01-08T11:58:29Z,https://www.twitch.tv/videos/1256885416,https://static-cdn.jtvnw.net/cf_vods/d1m7jfoe9zdc1j/0eca1571fd2d93b6ec10_hennie2001_45069612397_1641643100//thumb/thumb0-%{width}x%{height}.jpg
十五號,12738,【歌枠/歌回】新春賀歲歌回！【十五號．Vtuber】,2022-02-02T00:04:36Z,https://www.youtube.com/watch?v=PsWYQiY-t6M,https://i.ytimg.com/vi/PsWYQiY-t6M/mqdefault.jpg
十五號,12654,【歌枠/歌回】中二歌曲歌回！唱唱那些最二的歌【十五號．Vtuber】,2022-01-22T23:44:53Z,https://www.youtube.com/watch?v=q-SGfkKOcfg,https://i.ytimg.com/vi/q-SGfkKOcfg/mqdefault.jpg
猫宮 バニラ,12556,[貓宮香草] 1/27 今天想小開  !DC,2022-01-27T13:11:46Z,https://www.twitch.tv/videos/1277615268,https://static-cdn.jtvnw.net/cf_vods/d2nvs31859zcd8/d6ee0c2c79e5c8264810_vanilla_shironeko_40479757931_1643289101//thumb/thumb0-%{width}x%{height}.jpg
浠Mizuki,12543,【怕】一起來看精選恐怖短片【浠Mizuki Free Talk】,2022-02-04T22:42:30Z,https://www.youtube.com/watch?v=NtKnifOgkeA,https://i.ytimg.com/vi/NtKnifOgkeA/mqdefault.jpg
歐貝爾,12509,【生日會慶祝】被熊寶貝的心意完全塞滿！熊寶貝們，本大隊長的生日終於到啦！【歐貝爾．Vtuber】,2022-01-17T10:41:43Z,https://www.youtube.com/watch?v=UMi0TQ8nQRM,https://i.ytimg.com/vi/UMi0TQ8nQRM/mqdefault.jpg
李李鈴蘭,12328,【遊戲GO】雙人成行，一起中風 ep.2 #李李鈴蘭 #瑪格麗特,2022-01-26T19:12:42Z,https://www.youtube.com/watch?v=jB35D9Jn0jU,https://i.ytimg.com/vi/jB35D9Jn0jU/mqdefault.jpg
露恰露恰,12216,【歌回】究竟能雪恥還是繼續落漆呢🍻【露恰露恰．Vtuber】,2022-01-30T19:10:52Z,https://www.youtube.com/watch?v=RkQCZx8BR9I,https://i.ytimg.com/vi/RkQCZx8BR9I/mqdefault.jpg
烟花蹦蹦蹦,12198,【烟花】睡起來了！先看選秀後殭屍٩(◦`꒳´◦)۶| !新片!賴貼圖,2022-01-10T15:10:56Z,https://www.twitch.tv/videos/1259179905,https://static-cdn.jtvnw.net/cf_vods/d1m7jfoe9zdc1j/1a95e81f93dfee852e27_hennie2001_45096789869_1641827449//thumb/thumb0-%{width}x%{height}.jpg
烟花蹦蹦蹦,12046,【烟花】逐漸美國作息(つ´ω`)つ | 小奇點貼圖更新💕| 2/4層層恐懼💜 | !行程!新片!賴貼圖,2022-02-03T13:25:24Z,https://www.twitch.tv/videos/1285459533,https://static-cdn.jtvnw.net/cf_vods/d2nvs31859zcd8/0e172cf6c64c316dc5a1_hennie2001_40502150747_1643894719//thumb/thumb0-%{width}x%{height}.jpg
露恰露恰,11974,【深夜談】半夜睡不著覺，就來做手工藝🍻【露恰露恰．Vtuber】,2022-01-22T01:55:34Z,https://www.youtube.com/watch?v=jQPqhFT_oW0,https://i.ytimg.com/vi/jQPqhFT_oW0/mqdefault.jpg
懶貓子,11932,【#Overcooked2】 獸耳少女廚房大作戰！ft. 杏仁咪嚕/浠Mizuki/久遠たま｜Rumi/懶貓子,2022-01-10T22:38:29Z,https://www.youtube.com/watch?v=UEbp8Iv1olI,https://i.ytimg.com/vi/UEbp8Iv1olI/mqdefault.jpg
杏仁ミル,11890,今天有上傳新歌可以邊聽新歌邊看咪嚕獵龍齁【Monster Hunter Rise】,2022-01-17T01:01:49Z,https://www.youtube.com/watch?v=I7jT0txhFnU,https://i.ytimg.com/vi/I7jT0txhFnU/mqdefault.jpg
猫宮 バニラ,11764,[貓宮香草] 2/3 初三  !DC,2022-02-03T10:57:32Z,https://www.twitch.tv/videos/1285387005,https://static-cdn.jtvnw.net/cf_vods/d2nvs31859zcd8/9cc17af585aaf38d5908_vanilla_shironeko_40501860763_1643885847//thumb/thumb0-%{width}x%{height}.jpg
杏仁ミル,11640,【Monster Hunter Rise】變成和尚的神火村獵人,2022-01-15T05:23:16Z,https://www.youtube.com/watch?v=qRbl0dHrXzM,https://i.ytimg.com/vi/qRbl0dHrXzM/mqdefault.jpg
希靈,11611,ASMR 台灣｜Chinese herbal oil massage to make you sleepy｜眠りを誘う漢方オイルマッサージ【Healing希靈/VTuber】,2022-01-11T12:20:52Z,https://www.youtube.com/watch?v=tnwMQs1dyEg,https://i.ytimg.com/vi/tnwMQs1dyEg/mqdefault.jpg
杏仁ミル,11585,【Overcook2】只有女孩子的廚房會變成地獄廚房嗎🔥🔥🔥ft.久遠たま、Mizuki浠、懶貓子,2022-01-10T21:49:19Z,https://www.youtube.com/watch?v=5cLLwkLMMek,https://i.ytimg.com/vi/5cLLwkLMMek/mqdefault.jpg
猫宮 バニラ,11550,[貓宮香草] 1/15 全能型貓貓  !DC,2022-01-15T14:31:17Z,https://www.twitch.tv/videos/1264437667,https://static-cdn.jtvnw.net/cf_vods/d1m7jfoe9zdc1j/4661c52f6c1cae08fc69_vanilla_shironeko_45156517325_1642257069//thumb/thumb0-%{width}x%{height}.jpg
猫宮 バニラ,11489,[貓宮香草] 2/2 過年貓貓 紅包拿乃  !DC,2022-02-01T23:52:56Z,https://www.twitch.tv/videos/1283862713,https://static-cdn.jtvnw.net/cf_vods/d2nvs31859zcd8/067a66a2c07eb4f84eaa_vanilla_shironeko_40497424299_1643759571//thumb/thumb0-%{width}x%{height}.jpg
浠Mizuki,11443,【特別企劃】北極星職業&職場趣事大調查！【浠Mizuki Free Talk】,2022-01-31T00:47:47Z,https://www.youtube.com/watch?v=CjRM3xCSrDw,https://i.ytimg.com/vi/CjRM3xCSrDw/mqdefault.jpg
烟花蹦蹦蹦,11415,【烟花】層層恐懼_(┐ ◟;ﾟдﾟ)ノ,2022-02-04T10:07:19Z,https://www.twitch.tv/videos/1286487445,https://static-cdn.jtvnw.net/cf_vods/d2nvs31859zcd8/41febf571adc097bd6a9_hennie2001_40504938683_1643969234//thumb/thumb0-%{width}x%{height}.jpg
浠Mizuki,11244,【全肯定彼女】めちゃくちゃ頑張ったあなたへ「元気出して。」(給今天也很努力的你「打起精神來吧。」)【中文cc字幕】#シチュボ,2022-01-25T20:00:29Z,https://www.youtube.com/watch?v=bc7NH-egYco,https://i.ytimg.com/vi/bc7NH-egYco/mqdefault.jpg
懶貓子,11146,【中文學習#１８】可以在 #原神 使用的中文！！【#配信100次之後變得會說中文的VTuber】｜Rumi/懶貓子,2022-01-06T22:20:58Z,https://www.youtube.com/watch?v=T2f4jd8dF1w,https://i.ytimg.com/vi/T2f4jd8dF1w/mqdefault.jpg
懶貓子,11121,【初參與】去 #VirtualComicVerse2021 ～！｜Rumi/懶貓子,2022-01-09T23:25:23Z,https://www.youtube.com/watch?v=mHXdKSFydhE,https://i.ytimg.com/vi/mHXdKSFydhE/mqdefault.jpg
浠Mizuki,11045,【初二棉花糖雜談】今天要快速吃222顆！【浠Mizuki Free Talk】,2022-02-03T00:46:46Z,https://www.youtube.com/watch?v=mAsKZVBQ0JI,https://i.ytimg.com/vi/mAsKZVBQ0JI/mqdefault.jpg
Asa Ifrit,10863,【PAINTING】#Akurylic【AsaIfrit】#asalive,2022-01-14T01:41:51Z,https://www.youtube.com/watch?v=w_fWZZXyOpE,https://i.ytimg.com/vi/w_fWZZXyOpE/mqdefault.jpg
祈菈‧貝希毛絲,10839,【新衣裝】新年穿新衣！闆闆偷偷買給我的新衣服長怎麼樣呢？發布結束後話家常！【祈菈．貝希毛絲】,2022-02-03T02:52:13Z,https://www.youtube.com/watch?v=u09sBt9y_i0,https://i.ytimg.com/vi/u09sBt9y_i0/mqdefault.jpg
懶貓子,10832,【#PUBG】久違的老遊戲！ft.音成モカ.黒月夜桜.天上にこ｜Rumi/懶貓子,2022-01-17T22:47:27Z,https://www.youtube.com/watch?v=JAAFdQQ6iuU,https://i.ytimg.com/vi/JAAFdQQ6iuU/mqdefault.jpg
杏仁ミル,10759,連續上傳新歌帥炸了( ｀ー´)ノ,2022-01-23T00:46:08Z,https://www.youtube.com/watch?v=R2Z1crtAfck,https://i.ytimg.com/vi/R2Z1crtAfck/mqdefault.jpg
懶貓子,10647,【#クレマス】替BOSS捉禮物！【#夾娃娃大師】 ｜Rumi/懶貓子,2022-01-19T09:59:00Z,https://www.youtube.com/watch?v=s95X69SY9vQ,https://i.ytimg.com/vi/s95X69SY9vQ/mqdefault.jpg
懶貓子,10589,"【突撃？】ft.涼風しとら,天上にこ【APEX＃１３】 ｜Rumi/懶貓~子",2022-01-26T02:05:48Z,https://www.youtube.com/watch?v=C2lPVnx3jUg,https://i.ytimg.com/vi/C2lPVnx3jUg/mqdefault.jpg
璐洛洛,10326,【新瑪奇英雄傳】粉色重砲降臨💣可愛又暴力的新角色－蕾媞遊玩全攻略！手把手教你亢奮疊加技巧！▹璐洛洛◃,2022-01-28T21:30:15Z,https://www.youtube.com/watch?v=su0nFwwrkbY,https://i.ytimg.com/vi/su0nFwwrkbY/mqdefault.jpg
懶貓子,10304,【#shadowverse】RANKやっちゃうよぉ～ん・・ #２｜Rumi/懶貓子,2022-01-15T00:47:13Z,https://www.youtube.com/watch?v=RAbSJUz2bdE,https://i.ytimg.com/vi/RAbSJUz2bdE/mqdefault.jpg
璐洛洛,10278,🔴AR59 ASIA【#原神 / Genshin】2.5版本官方前瞻直播一起看🦊是...是心心念念的狐狸嗎!? 海燈節活動一次肝! ▹璐洛洛◃,2022-02-04T11:50:23Z,https://www.twitch.tv/videos/1286532853,https://static-cdn.jtvnw.net/cf_vods/d2nvs31859zcd8/4331fc283499c4f459e9_ruroroisme_40505119659_1643975415//thumb/thumb0-%{width}x%{height}.jpg
菲フェイ,10204,"Fei. 好冷～倒數7天 !生日活動 |˶˙ᵕ˙˶)꜆ !YT !LINE !VPN | 1/7
",2022-01-07T04:37:41Z,https://www.twitch.tv/videos/1255549716,https://static-cdn.jtvnw.net/cf_vods/d1m7jfoe9zdc1j/0ec8a2371651a9b9143d_fei_z_45053839565_1641530253//thumb/thumb0-%{width}x%{height}.jpg
烟花蹦蹦蹦,10175,【烟花】APEX比賽好緊張窩QQ | 延遲一分鐘💕 | !活動!新片!比賽!賴貼圖,2022-01-22T15:08:04Z,https://www.twitch.tv/videos/1272210847,https://static-cdn.jtvnw.net/cf_vods/d2nvs31859zcd8/e66de7f417c18588ce7e_hennie2001_40461475835_1642864079//thumb/thumb0-%{width}x%{height}.jpg
浠Mizuki,10171,新年參拜【一月歌曲預告】,2022-01-09T20:00:12Z,https://www.youtube.com/watch?v=2UmwtkiqZbo,https://i.ytimg.com/vi/2UmwtkiqZbo/mqdefault.jpg
露恰露恰,10130,【雀魂麻將】父女倆的日麻小學堂上課啦🍻ft. 父親大人【露恰露恰．Vtuber】,2022-01-29T02:29:42Z,https://www.youtube.com/watch?v=FwxUkYVR4Kc,https://i.ytimg.com/vi/FwxUkYVR4Kc/mqdefault.jpg
猫宮 バニラ,10058,[貓宮香草] 1/23 沒睡飽又好冷喔喔喔  !DC,2022-01-23T13:01:18Z,https://www.twitch.tv/videos/1273304251,https://static-cdn.jtvnw.net/cf_vods/d2nvs31859zcd8/803ab66c9dfc85d8e3a4_vanilla_shironeko_40465258683_1642942874//thumb/thumb0-%{width}x%{height}.jpg
烟花蹦蹦蹦,10018,"【烟花(感冒羊)】 愛小羊們，野人探險小隊的最後一天(? ",2022-01-06T12:58:18Z,https://www.twitch.tv/videos/1254719323,https://static-cdn.jtvnw.net/cf_vods/d1m7jfoe9zdc1j/f1755786a6bc8801ab75_hennie2001_45044653069_1641473890//thumb/thumb0-%{width}x%{height}.jpg
璐洛洛,9995,【原神】台日PK🔥滿精赤角石潰杵 Round 2▸AR 60的日本大佬在原神上的總花費竟然高達？文化友誼交流～復刻請問媽祖哦! Ft. @変な親爺 Henna-Oyajii  ▹璐洛洛◃,2022-01-24T22:30:15Z,https://www.youtube.com/watch?v=iOm-1MiF_Fk,https://i.ytimg.com/vi/iOm-1MiF_Fk/mqdefault.jpg
杏仁ミル,9984,欅坂46／不協和音 Cover預告,2022-01-15T20:37:14Z,https://www.youtube.com/watch?v=JYSUv2_KtCU,https://i.ytimg.com/vi/JYSUv2_KtCU/mqdefault.jpg
浠Mizuki,9842,【深夜電台風】來唸唸床邊故事吧zZZ『星の王子さま・朗読(小王子日文版朗讀)』【浠Mizuki Free Talk】,2022-01-24T00:13:31Z,https://www.youtube.com/watch?v=l_dnFLt-GCM,https://i.ytimg.com/vi/l_dnFLt-GCM/mqdefault.jpg
烟花蹦蹦蹦,9811,【烟花】暖羊羊也暖洋洋( ⸝•ᴗ•⸝)♡ | 經驗條要滿10等了！ | !活動!新片!比賽!賴貼圖,2022-01-21T12:16:37Z,https://www.twitch.tv/videos/1270886529,https://static-cdn.jtvnw.net/cf_vods/d2nvs31859zcd8/42ed1811974343a45d66_hennie2001_40456509323_1642767390//thumb/thumb0-%{width}x%{height}.jpg
露恰露恰,9671,【雀魂麻將】初見安安這裡是日麻中風台🍻【露恰露恰．Vtuber】,2022-01-08T02:51:20Z,https://www.youtube.com/watch?v=bg3AV6XkZ1w,https://i.ytimg.com/vi/bg3AV6XkZ1w/mqdefault.jpg
浠Mizuki,9646,【雜談】今年也要努力吃棉花糖(五)【浠Mizuki Free Talk】,2022-01-11T23:26:38Z,https://www.youtube.com/watch?v=NS-MkRWzAR8,https://i.ytimg.com/vi/NS-MkRWzAR8/mqdefault.jpg
露恰露恰,9569,【強迫症大挑戰】強迫症水獺被迫在線營業...🍻【露恰露恰．Vtuber】,2022-01-27T01:34:02Z,https://www.youtube.com/watch?v=9lZAag4D524,https://i.ytimg.com/vi/9lZAag4D524/mqdefault.jpg
烟花蹦蹦蹦,9560,【烟花】忙到早上才睡睡(ﾒ3[____] | 小奇點貼圖更新💕| 2/4日層層恐懼ˇ💜 | !行程!新片!賴貼圖,2022-01-29T12:22:48Z,https://www.twitch.tv/videos/1279916927,https://static-cdn.jtvnw.net/cf_vods/d2nvs31859zcd8/54d16ff95868995648a2_hennie2001_40486098875_1643458964//thumb/thumb0-%{width}x%{height}.jpg
浠Mizuki,9553,【玩一下】Pokemon Unite寶可夢大集結！希望不要雷到別人；；【浠Mizuki GAME】,2022-01-20T23:08:58Z,https://www.youtube.com/watch?v=lC2uLrrOlgo,https://i.ytimg.com/vi/lC2uLrrOlgo/mqdefault.jpg
洛可洛斯特,9461,【遊戲王Master Duel初見！】只看過無印動畫，只能當軟腳蝦決鬥者了ㄅ！【洛可洛斯特 / VTUBER】,2022-01-24T00:39:40Z,https://www.youtube.com/watch?v=fSBKX-EmY-0,https://i.ytimg.com/vi/fSBKX-EmY-0/mqdefault.jpg
懶貓子,9421,【#寶可夢阿爾宙斯】新冒險的開始！！！【＃１】｜Rumi/懶貓子,2022-01-28T22:18:56Z,https://www.youtube.com/watch?v=d1BC0SigCac,https://i.ytimg.com/vi/d1BC0SigCac/mqdefault.jpg
杏仁ミル,9392,唱唱歌&情報公開！,2022-01-15T20:01:33Z,https://www.youtube.com/watch?v=SVuZbxBJxiw,https://i.ytimg.com/vi/SVuZbxBJxiw/mqdefault.jpg
歐妲,9095,【新年雜談】大年初一 ! 可以陪我一起吃飯嗎 ?【歐妲/惡獸時代】,2022-02-01T14:57:09Z,https://www.youtube.com/watch?v=6unvfDN6DRs,https://i.ytimg.com/vi/6unvfDN6DRs/mqdefault.jpg
浠Mizuki,9045,【Overcooked 2】香香的女子廚房❤(日文配信！)【ft. Annin Miru/Rumi懶貓子/久遠たま】,2022-01-10T23:08:20Z,https://www.youtube.com/watch?v=TsQxko_C9iE,https://i.ytimg.com/vi/TsQxko_C9iE/mqdefault.jpg
洛可洛斯特,9040,【新年紅包場？】新年快樂！第一天果然還是要刮刮樂對吧！話說還有傳說中的三面圖？【洛可洛斯特 / VTUBER】,2022-02-01T03:34:00Z,https://www.youtube.com/watch?v=VWMy1IDORR8,https://i.ytimg.com/vi/VWMy1IDORR8/mqdefault.jpg
可洛莉,8942,【可洛莉Clawy】VTuber一問一答自己紹介（中文版）【#UMiLive】,2022-01-12T17:30:10Z,https://www.youtube.com/watch?v=owST_3E7Kk8,https://i.ytimg.com/vi/owST_3E7Kk8/mqdefault.jpg
璐洛洛,8930,🔴AR59 ASIA【#原神 / Genshin】滿命甘雨/鍾離來我家 Part2!💙看直播抽月卡！每周日滷肉幫到你家 ▹璐洛洛◃,2022-01-30T11:06:44Z,https://www.twitch.tv/videos/1281103721,https://static-cdn.jtvnw.net/cf_vods/d2nvs31859zcd8/85f9db4c92b37cb44ff2_ruroroisme_40490031947_1643540795//thumb/thumb0-%{width}x%{height}.jpg
菲フェイ,8838,Fei. Piu ❤ |˶˙ᵕ˙˶)꜆  !YT !LINE !VPN | 2/4,2022-02-04T01:19:15Z,https://www.twitch.tv/videos/1286140877,https://static-cdn.jtvnw.net/cf_vods/d2nvs31859zcd8/b3c769055e922c06eb8d_fei_z_40503815323_1643937551//thumb/thumb0-%{width}x%{height}.jpg
洛可洛斯特,8784,【#hololiveERROR】HOLO家出的恐怖遊戲體驗版！為了空媽拚了！【洛可洛斯特 / VTUBER】,2022-01-10T23:28:46Z,https://www.youtube.com/watch?v=PnTo0SP1ZA8,https://i.ytimg.com/vi/PnTo0SP1ZA8/mqdefault.jpg
烟花蹦蹦蹦,8720,【烟花】G馬比賽！差點睡過頭٩(◦`꒳´◦)۶ | 晚點安排活動時間表💜 | !活動!新片!比賽!賴貼圖,2022-01-24T10:49:13Z,https://www.twitch.tv/videos/1274305127,https://static-cdn.jtvnw.net/cf_vods/d2nvs31859zcd8/ee87aac07d5cc8fe6489_hennie2001_40468709643_1643021348//thumb/thumb0-%{width}x%{height}.jpg
菲フェイ,8715,Fei. 放槍怪 |˶˙ᵕ˙˶)꜆  !YT !LINE !VPN | 2/2,2022-02-02T01:11:09Z,https://www.twitch.tv/videos/1283946616,https://static-cdn.jtvnw.net/cf_vods/d2nvs31859zcd8/306908a1e1cccc40df17_fei_z_40497603051_1643764264//thumb/thumb0-%{width}x%{height}.jpg
阿香香香,8668,1/21 加班台啟動！開到鼠 ଘ(੭ˊ꒳ˋ)੭✧｜晚點MHR｜!委託 !YT !歌單  !活動,2022-01-21T13:01:31Z,https://www.twitch.tv/videos/1270910789,https://static-cdn.jtvnw.net/cf_vods/d2nvs31859zcd8/855f4b21971bd9e6531b_chikayan_40456653307_1642770084//thumb/thumb0-%{width}x%{height}.jpg
烟花蹦蹦蹦,8657,【烟花】小開，BNT左手酸酸的(ゝ∀･) 紅包活動辦啥好！ | !新片!賴貼圖!比賽,2022-01-14T15:29:45Z,https://www.twitch.tv/videos/1263302742,https://static-cdn.jtvnw.net/cf_vods/d1m7jfoe9zdc1j/3c35c11e897bfe4f882e_hennie2001_45143461805_1642174178//thumb/thumb0-%{width}x%{height}.jpg
神稻櫻火,8634,隨選隨唱練歌回!!🌸#神稻櫻火,2022-01-09T19:34:34Z,https://www.youtube.com/watch?v=4IhvTNP1JyE,https://i.ytimg.com/vi/4IhvTNP1JyE/mqdefault.jpg
露恰露恰,8533,【深夜談】水獺與三隻２獸們🍻恭喜學妹們出道啦！！【露恰露恰．Vtuber】,2022-01-18T00:55:02Z,https://www.youtube.com/watch?v=4CtH6Hu4iwE,https://i.ytimg.com/vi/4CtH6Hu4iwE/mqdefault.jpg
猫宮 バニラ,8396,[貓宮香草] 1/23 沒睡飽又好冷喔喔喔  !DC,2022-01-23T10:23:39Z,https://www.twitch.tv/videos/1273214384,https://static-cdn.jtvnw.net/cf_vods/d2nvs31859zcd8/b0e1d2c7b0667726e57f_vanilla_shironeko_40464794011_1642933414//thumb/thumb0-%{width}x%{height}.jpg
杏仁ミル,8314,【Monster Hunter Rise】早安偷偷崛起一下,2022-01-13T09:27:02Z,https://www.youtube.com/watch?v=VIJlbLRsiRQ,https://i.ytimg.com/vi/VIJlbLRsiRQ/mqdefault.jpg
烟花蹦蹦蹦,8283,【烟花】被棉被怪綁架！經驗條還沒修好QQ Woo虎紅包挑戰開跑！ | !活動!新片!比賽!賴貼圖,2022-01-18T15:19:16Z,https://www.twitch.tv/videos/1267791799,https://static-cdn.jtvnw.net/cf_vods/d2nvs31859zcd8/348701ea5b8f8a114cc9_hennie2001_40445255547_1642519149//thumb/thumb0-%{width}x%{height}.jpg
Asa Ifrit,8258,【PAINTING】#MystArt【AsaIfrit】#asalive,2022-01-28T01:11:51Z,https://www.youtube.com/watch?v=uUWFZLzp-Aw,https://i.ytimg.com/vi/uUWFZLzp-Aw/mqdefault.jpg
璐洛洛,8254,🔴【Virtual Comic Verse 2021】首屆VR動漫展覽一起逛! Ft. @祈菈‧貝希毛絲 ch.Narrator / STORIA @神崎 Channel  ▹璐洛洛◃,2022-01-08T23:31:08Z,https://www.youtube.com/watch?v=lKuk2bz32uk,https://i.ytimg.com/vi/lKuk2bz32uk/mqdefault.jpg
洛可洛斯特,8250,【阿爾宙斯初見！】第一回！上次玩的寶可夢系列已經是紅綠寶石的菜逼巴！究竟能不能適應新環境ㄋ！【洛可洛斯特 / VTUBER】,2022-01-28T16:46:09Z,https://www.youtube.com/watch?v=ilF5qHd7YgE,https://i.ytimg.com/vi/ilF5qHd7YgE/mqdefault.jpg
十五號,8178,【遊戲實況】我們行不行？絕對有問題！（Poly Bridge 2）【十五號．Vtuber】,2022-01-10T00:44:40Z,https://www.youtube.com/watch?v=ylXfS3ydb0c,https://i.ytimg.com/vi/ylXfS3ydb0c/mqdefault.jpg
烟花蹦蹦蹦,8174,【烟花】起床發現滑鼠沒電只好先充來晚都_(┐ ◟;ﾟдﾟ)ノ| !新片!賴貼圖,2022-01-11T15:02:35Z,https://www.twitch.tv/videos/1260182760,https://static-cdn.jtvnw.net/cf_vods/d1m7jfoe9zdc1j/3fcb07db339e3a762511_hennie2001_45108242957_1641913347//thumb/thumb0-%{width}x%{height}.jpg
杏仁ミル,8156,只是想說聲早安,2022-01-14T08:40:41Z,https://www.youtube.com/watch?v=4ZuJBWtWBA4,https://i.ytimg.com/vi/4ZuJBWtWBA4/mqdefault.jpg
原瀬空,8073,【COVER】深昏睡 - 春野 by 原瀬空 Parase Sora,2022-01-15T20:00:13Z,https://www.youtube.com/watch?v=u_Y0NWoaSbI,https://i.ytimg.com/vi/u_Y0NWoaSbI/mqdefault.jpg
懶貓子,8022,【#VALORANT】練習＆FF38抽獎🔥 ｜Rumi/懶貓子,2022-01-27T22:04:40Z,https://www.youtube.com/watch?v=CpjQIzwF8ro,https://i.ytimg.com/vi/CpjQIzwF8ro/mqdefault.jpg
希靈,7952,ASMR 台灣｜Fox Maiden relaxes you to sleep｜眠りを誘うあなたの耳元でささやく【Healing希靈/VTuber】,2022-01-22T01:12:32Z,https://www.youtube.com/watch?v=KDs_b1Ivch8,https://i.ytimg.com/vi/KDs_b1Ivch8/mqdefault.jpg
阿香香香,7882,1/23 加班台啟動！開到鼠 ଘ(੭ˊ꒳ˋ)੭✧｜晚點MHR｜!委託 !YT !歌單  !活動,2022-01-23T06:50:43Z,https://www.twitch.tv/videos/1273117548,https://static-cdn.jtvnw.net/cf_vods/d2nvs31859zcd8/51012cc4a3a27415e85d_chikayan_40464234219_1642920639//thumb/thumb0-%{width}x%{height}.jpg
海唧,7741,【刮刮樂】老闆我不想努力了， 投資3000元目標回本1萬元！！【海唧/惡獸時代】,2022-02-01T21:08:46Z,https://www.youtube.com/watch?v=khCGPie-Tlg,https://i.ytimg.com/vi/khCGPie-Tlg/mqdefault.jpg
洛可洛斯特,7696,【SC感謝簽名台！】地獄耐久！！！簽你們的名字！感謝的SC簽名大會！【洛可洛斯特 / VTUBER】,2022-01-23T05:19:34Z,https://www.youtube.com/watch?v=6MIGku8mXYU,https://i.ytimg.com/vi/6MIGku8mXYU/mqdefault.jpg
歐貝爾,7686,【歌回】這裡有好多又新又舊的動畫歌，你能認出多少首？【歐貝爾．Vtuber】,2022-01-26T23:07:36Z,https://www.youtube.com/watch?v=0NCcyDXIfQA,https://i.ytimg.com/vi/0NCcyDXIfQA/mqdefault.jpg
懶貓子,7679,【中文學習#１９】將日本繪本翻譯成中文！【#配信100次之後變得會說中文的VTuber】｜Rumi/懶貓子,2022-01-12T21:43:01Z,https://www.youtube.com/watch?v=J7_0AnEpPPI,https://i.ytimg.com/vi/J7_0AnEpPPI/mqdefault.jpg
懶貓子,7667,天才Rumi醤的日文講座！！＃３｜Rumi/懶貓子,2022-02-04T21:37:54Z,https://www.youtube.com/watch?v=5r8XEZwR8bQ,https://i.ytimg.com/vi/5r8XEZwR8bQ/mqdefault.jpg
烟花蹦蹦蹦,7666,【烟花(感冒羊)】聊聊天沉澱沉澱(つ´ω`)つ 過幾天要打BNT！ | !新片!賴貼圖,2022-01-07T13:22:49Z,https://www.twitch.tv/videos/1255784757,https://static-cdn.jtvnw.net/cf_vods/d1m7jfoe9zdc1j/db30664757fb22568808_hennie2001_45056815213_1641561761//thumb/thumb0-%{width}x%{height}.jpg
杏仁ミル,7643,"🦀新年賀春""海鮮""小舖🦀叫賣直播 ft.兔姬、櫻野露、夕燒",2022-01-28T21:17:29Z,https://www.youtube.com/watch?v=aNk2ckAxKuo,https://i.ytimg.com/vi/aNk2ckAxKuo/mqdefault.jpg
菲フェイ,7631,"Fei. APEX練習~ 明天休息一天 後天就 !生日活動 |˶˙ᵕ˙˶)꜆ !YT !LINE !比賽 | 1/12
",2022-01-12T12:50:51Z,https://www.twitch.tv/videos/1261132099,https://static-cdn.jtvnw.net/cf_vods/d1m7jfoe9zdc1j/2ac65d169d07aeff5f2b_fei_z_45118898013_1641991844//thumb/thumb0-%{width}x%{height}.jpg
十五號,7606,【雜談】工作順便閒聊【十五號．Vtuber】,2022-01-10T23:20:42Z,https://www.youtube.com/watch?v=c5PuXccOI3A,https://i.ytimg.com/vi/c5PuXccOI3A/mqdefault.jpg
平平子,7601,【NEEDY GIRL OVERDOSE】掌握流量密碼⚡平平子的色色實況特訓,2022-02-05T03:27:22Z,https://www.youtube.com/watch?v=qEfALaWj6uM,https://i.ytimg.com/vi/qEfALaWj6uM/mqdefault.jpg
語風薯薯與愛紗公主,7555,【闇影詩章】牌組分享➤對抗死靈居然達到100%勝率！？ㄌㄌ米亞不只變大了還更強了！➧指定T1 OoS〈shadowverse/シャドウバース〉,2022-01-06T19:00:12Z,https://www.youtube.com/watch?v=UFGFQWp7Ezg,https://i.ytimg.com/vi/UFGFQWp7Ezg/mqdefault.jpg
悠白,7488,【中文音聲ASMR】一整年辛苦了~悠姊姊陪你一起過小年夜~｜ #悠白 #Ubye #悠姊姊 #ASMR #音聲,2022-01-30T22:21:46Z,https://www.youtube.com/watch?v=L4Z6Z_lQe_0,https://i.ytimg.com/vi/L4Z6Z_lQe_0/mqdefault.jpg
塔芭絲可,7477,🐙哄睡工作臺🐙跟著我的腳步 一點一點的變好 但這之前要好好休息【MiroLive/塔芭絲可】,2022-01-10T02:49:51Z,https://www.youtube.com/watch?v=Hu9h3_u3mFU,https://i.ytimg.com/vi/Hu9h3_u3mFU/mqdefault.jpg
烟花蹦蹦蹦,7443,【烟花】今天來...D一下 | 2/4日層層恐懼ˇ💜 | !行程!新片!賴貼圖,2022-01-28T14:13:04Z,https://www.twitch.tv/videos/1278761009,https://static-cdn.jtvnw.net/cf_vods/d2nvs31859zcd8/bbf455cd8e408bffb56a_hennie2001_40482867723_1643379179//thumb/thumb0-%{width}x%{height}.jpg
烟花蹦蹦蹦,7434,【烟花】APEX比賽好緊張窩QQ | 延遲一分鐘💕 | !活動!新片!比賽!賴貼圖,2022-01-22T10:17:19Z,https://www.twitch.tv/videos/1272018989,https://static-cdn.jtvnw.net/cf_vods/d2nvs31859zcd8/33616893c7f16f513ced_hennie2001_40460560299_1642846635//thumb/thumb0-%{width}x%{height}.jpg
歐妲,7405,【It Takes Two】耐久挑戰 !  不用想了 ! 我們絕對不合【歐妲/惡獸時代】【#2】,2022-02-04T20:39:52Z,https://www.youtube.com/watch?v=N2cchDztJos,https://i.ytimg.com/vi/N2cchDztJos/mqdefault.jpg
神稻櫻火,7390,下午好呱呱!!🌸🌸🌸突襲狐狸!!!🌸#神稻櫻火,2022-01-12T19:07:56Z,https://www.youtube.com/watch?v=OzSPpZ7kFwA,https://i.ytimg.com/vi/OzSPpZ7kFwA/mqdefault.jpg
猫宮 バニラ,7390,[貓宮香草] 1/22 貓貓日  倒數一天 ~  !DC,2022-01-22T13:56:28Z,https://www.twitch.tv/videos/1272151555,https://static-cdn.jtvnw.net/cf_vods/d2nvs31859zcd8/85d3bfa09bf8237d0b04_vanilla_shironeko_40461239707_1642859783//thumb/thumb0-%{width}x%{height}.jpg
猫宮 バニラ,7388,[貓宮香草] 1/23 沒睡飽又好冷喔喔喔  !DC,2022-01-23T17:42:21Z,https://www.twitch.tv/videos/1273542968,https://static-cdn.jtvnw.net/cf_vods/d2nvs31859zcd8/76110ed7855a5e6dcd7e_vanilla_shironeko_40466095307_1642959736//thumb/thumb0-%{width}x%{height}.jpg
璐洛洛,7371,【烤洛Man】《惡靈古堡 村莊》原來是來到迪士尼樂園啊？專業的淡定導遊 vs 膽小如鼠的遊客😂 ▹璐洛洛◃,2022-01-31T22:00:13Z,https://www.youtube.com/watch?v=LmiW7SK3yY8,https://i.ytimg.com/vi/LmiW7SK3yY8/mqdefault.jpg
海唧,7300,【生日直播】開心的生日趴想跟人類們一起度過！【海唧/惡獸時代】,2022-01-08T22:46:19Z,https://www.youtube.com/watch?v=25ndTnWXjos,https://i.ytimg.com/vi/25ndTnWXjos/mqdefault.jpg
十五號,7289,【特別企劃】新年吉祥話書法！【十五號．Vtuber】,2022-01-30T00:37:00Z,https://www.youtube.com/watch?v=GZpM6YGT8PI,https://i.ytimg.com/vi/GZpM6YGT8PI/mqdefault.jpg
香草奈若,7275,這是屁股不是大鼓,2022-01-18T12:00:10Z,https://www.youtube.com/watch?v=YdsaF7HqkyA,https://i.ytimg.com/vi/YdsaF7HqkyA/mqdefault.jpg
祈菈‧貝希毛絲,7240,【突發】吃飽沒地方去！我家很小！但沒問題，累了也可以直接睡！ ft. @Obear Ch. 歐貝爾 【祈菈．貝希毛絲】,2022-01-15T20:19:33Z,https://www.youtube.com/watch?v=2EZQ9r3-Iis,https://i.ytimg.com/vi/2EZQ9r3-Iis/mqdefault.jpg
璐洛洛,7168,🔴AR59 ASIA【#原神 / Genshin】滿命甘雨/鍾離來我家!💙睽違一年的老公老婆肥來啦！ ▹璐洛洛◃,2022-01-25T11:07:30Z,https://www.twitch.tv/videos/1275368352,https://static-cdn.jtvnw.net/cf_vods/d2nvs31859zcd8/402b498d6d74bfda7f19_ruroroisme_40472502555_1643108841//thumb/thumb0-%{width}x%{height}.jpg
洛可洛斯特,7161,【魔法少女歌回！】來唱魔法少女主題曲！會有幾首是黑的？搭配名台詞的中二爆發！【洛可洛斯特 / VTUBER】,2022-01-08T00:01:37Z,https://www.youtube.com/watch?v=b5j0VjtEY-0,https://i.ytimg.com/vi/b5j0VjtEY-0/mqdefault.jpg
Yu,7076,【GTA5】北黃金門2022年版新單人開門法9分32秒精英！佩里克島搶劫,2022-01-08T17:00:33Z,https://www.youtube.com/watch?v=TleVLAAHK0o,https://i.ytimg.com/vi/TleVLAAHK0o/mqdefault.jpg
懶貓子,7032,【官方烤肉#１１】徵收大將軍是妳? 初訪Rumily伺服器! #Minecraft｜Rumi/懶貓子,2022-02-02T20:05:54Z,https://www.youtube.com/watch?v=BdYWC6og-uI,https://i.ytimg.com/vi/BdYWC6og-uI/mqdefault.jpg
洛可洛斯特,7008,【可能開完轉會限的雜談】3D羽衣媽媽真的好棒，我最喜歡的VTUBER動起來了。【洛可洛斯特 / VTUBER】,2022-01-17T01:52:52Z,https://www.youtube.com/watch?v=9vvOFNTjDZ4,https://i.ytimg.com/vi/9vvOFNTjDZ4/mqdefault.jpg
浠Mizuki,7008,【官方精華剪輯】超商店員真的不好當TT ~北極星職業篇~【浠Mizuki雜談精華】,2022-02-03T20:00:33Z,https://www.youtube.com/watch?v=oinmow6H5zI,https://i.ytimg.com/vi/oinmow6H5zI/mqdefault.jpg
懶貓子,7007,【Minecraft＃６】Rumily server潜入！Part2｜Rumi/懶貓子,2022-01-16T21:52:56Z,https://www.youtube.com/watch?v=ufL8uB822vg,https://i.ytimg.com/vi/ufL8uB822vg/mqdefault.jpg
神稻櫻火,6989,新年快樂!!晚上練歌雜談台!!🌸#神稻櫻火,2022-02-02T00:24:21Z,https://www.youtube.com/watch?v=11feVVcF4yw,https://i.ytimg.com/vi/11feVVcF4yw/mqdefault.jpg
菲フェイ,6972,Fei. 睡了整天 回來了 |˶˙ᵕ˙˶)꜆  !YT !LINE !VPN | 1/30,2022-01-30T00:08:16Z,https://www.twitch.tv/videos/1280639195,https://static-cdn.jtvnw.net/cf_vods/d2nvs31859zcd8/351206623a3f701c7cc4_fei_z_40488600683_1643501291//thumb/thumb0-%{width}x%{height}.jpg
名雪薇薇,6944,【歌枠】不藏了!!收益化歌回!!,2022-01-22T22:57:38Z,https://www.youtube.com/watch?v=0SV1EQxKK2M,https://i.ytimg.com/vi/0SV1EQxKK2M/mqdefault.jpg
歐貝爾,6928,【雜談】究竟DD有多少！？人類房間大調查3！【歐貝爾．Vtuber】,2022-01-10T01:08:13Z,https://www.youtube.com/watch?v=7frVW8IukOE,https://i.ytimg.com/vi/7frVW8IukOE/mqdefault.jpg
懶貓子,6885,【中文學習#２０】將日本繪本翻譯成中文！Part２【#配信100次之後變得會說中文的VTuber】｜Rumi/懶貓子,2022-01-21T21:43:35Z,https://www.youtube.com/watch?v=dyMhKAGoZiU,https://i.ytimg.com/vi/dyMhKAGoZiU/mqdefault.jpg
塔芭絲可,6880,🐙2萬耐久台🐙今天真的要耐久了!!!!2萬我來了!!!!【MiroLive/塔芭絲可】,2022-01-16T03:50:51Z,https://www.youtube.com/watch?v=XgKMBllm8h4,https://i.ytimg.com/vi/XgKMBllm8h4/mqdefault.jpg
懶貓子,6879,【官方烤肉#１０】開箱15萬訂閱商品 講到一半竟然就賣完了!｜Rumi/懶貓子,2022-01-26T19:00:05Z,https://www.youtube.com/watch?v=AHtaiA958-E,https://i.ytimg.com/vi/AHtaiA958-E/mqdefault.jpg
洛可洛斯特,6846,【HOLO歌回！】各位新年快樂！油起來！HOLO油歌回！【洛可洛斯特 / VTUBER】,2022-01-31T00:22:29Z,https://www.youtube.com/watch?v=WZmcchZFUPw,https://i.ytimg.com/vi/WZmcchZFUPw/mqdefault.jpg
懶貓子,6807,【中文學習#２１】新年用中文學習！ft.涼風しとら【#配信100次之後變得會說中文的VTuber】｜Rumi/懶貓子,2022-01-25T09:21:35Z,https://www.youtube.com/watch?v=XOBr0pFIRHY,https://i.ytimg.com/vi/XOBr0pFIRHY/mqdefault.jpg
浠Mizuki,6801,【七人連動】瑪利歐賽車8🚙ft.白蛇 梅伊、阿露比、尤里·佛瑞斯特、火柴、黑野悠真、洛可洛斯特【浠Mizuki GAME】,2022-01-14T21:08:59Z,https://www.youtube.com/watch?v=z6k79Bffdt4,https://i.ytimg.com/vi/z6k79Bffdt4/mqdefault.jpg
說書客,6770,回應耶J的問題：為何上帝全知我們就沒有自由意志？ 基督教 基督徒：說仔說故事,2022-01-12T19:00:33Z,https://www.youtube.com/watch?v=lQkdSIb5-_Q,https://i.ytimg.com/vi/lQkdSIb5-_Q/mqdefault.jpg
瑪格麗特．溫特斯,6768,【#瑪格麗特的茶會】全力地將感謝打擊出去🌼與小綿羊的直球對決【瑪格麗特Vtuber】#瑪格麗特溫特斯,2022-01-19T01:25:18Z,https://www.youtube.com/watch?v=7BxiOCHBElA,https://i.ytimg.com/vi/7BxiOCHBElA/mqdefault.jpg
十五號,6668,【遊戲實況】你儘管叫破喉嚨，沒有人會來救你的（Mr. President!）【十五號．Vtuber】,2022-01-11T23:38:11Z,https://www.youtube.com/watch?v=B1sLOQ2KQSU,https://i.ytimg.com/vi/B1sLOQ2KQSU/mqdefault.jpg
語風薯薯與愛紗公主,6658,【闇影詩章】牌組分享➤原來維爾伯特過不了姦淫的試煉！新手超友善僅僅一張新卡就有如此全面的強度！➧指定T２ OoS〈shadowverse/シャドウバース〉,2022-01-11T20:23:33Z,https://www.youtube.com/watch?v=LBRQZjargEA,https://i.ytimg.com/vi/LBRQZjargEA/mqdefault.jpg
語風薯薯與愛紗公主,6616,【闇影詩章】牌組分享➤讓你們見識看看這環境的久苑到底表現如何！➧指定T4 OoS〈shadowverse/シャドウバース〉,2022-01-07T19:00:18Z,https://www.youtube.com/watch?v=ILgR6xxVUVQ,https://i.ytimg.com/vi/ILgR6xxVUVQ/mqdefault.jpg
悠白,6594,【#阿爾宙斯 EP1】~恐懼來自於Ｏ癖不足~在那ㄍ啥都不懂的年代~｜ #悠白 #Ubye #寶可夢 #阿爾宙斯 #Arceus,2022-01-31T04:17:13Z,https://www.youtube.com/watch?v=ctgxRxj3wME,https://i.ytimg.com/vi/ctgxRxj3wME/mqdefault.jpg
說書客,6594,如果命運能選擇？我們有沒有自由意志？我們能夠選擇嗎 決定論 命定論 自由意志：哲學說故事,2022-01-17T20:00:10Z,https://www.youtube.com/watch?v=Bmr92pmcyPM,https://i.ytimg.com/vi/Bmr92pmcyPM/mqdefault.jpg
平平子,6552,【文字遊戲 Word Game】文盲測試⚡平平子該配眼鏡囉,2022-01-28T02:48:40Z,https://www.youtube.com/watch?v=Q1taQZcr2Mw,https://i.ytimg.com/vi/Q1taQZcr2Mw/mqdefault.jpg
高雄林小姐,6543,罷昶差一點，中二綠大勝｜明年九合一大選國民黨危機 🍓20220109　#高雄林小姐 #Vtuber​​​​ #台灣Vtuber​​​ #台V​​,2022-01-09T21:30:57Z,https://www.youtube.com/watch?v=J4TJzt0BWmU,https://i.ytimg.com/vi/J4TJzt0BWmU/mqdefault.jpg
神稻櫻火,6517,新年快樂!!晚上練歌雜談台!!🌸第二回#神稻櫻火,2022-02-03T21:06:01Z,https://www.youtube.com/watch?v=ecRdBnKjEHY,https://i.ytimg.com/vi/ecRdBnKjEHY/mqdefault.jpg
悠白,6510,【#阿爾宙斯 EP4】等級再高我都是膽小鬼啦！今天來學游泳囉~｜ #悠白 #Ubye #寶可夢 #Arceus,2022-02-04T07:49:21Z,https://www.youtube.com/watch?v=Zse7X_onj9s,https://i.ytimg.com/vi/Zse7X_onj9s/mqdefault.jpg
平平子,6500,【終結者莉莉：騎士救贖 Ender Lilies: Quietus of the Knights】 終結者平平⚡荒蕪世界走走春,2022-02-02T04:04:01Z,https://www.youtube.com/watch?v=cS5MIisiNT0,https://i.ytimg.com/vi/cS5MIisiNT0/mqdefault.jpg
歐貝爾,6466,【寶可夢傳說 阿爾宙斯】突發突發突發！！！我再也不出洗翠地區啦【歐貝爾．Vtuber】,2022-01-30T06:22:11Z,https://www.youtube.com/watch?v=KmQkWeQIlbc,https://i.ytimg.com/vi/KmQkWeQIlbc/mqdefault.jpg
虹月,6411,【遊戲王Xrossing邀請賽 預賽D1】虛實交錯也能一起決鬥 !【虹月Neon】,2022-01-27T16:57:47Z,https://www.youtube.com/watch?v=-8rdV5H6NvU,https://i.ytimg.com/vi/-8rdV5H6NvU/mqdefault.jpg
語風薯薯與愛紗公主,6396,【闇影詩章】牌組分享➤這根本砍卡預備軍吧？靠她奶的特教，6Turn直接無恥咚死讓超越門都沒有！➧無限制T1 OoS〈shadowverse/シャドウバース〉,2022-01-24T21:02:43Z,https://www.youtube.com/watch?v=IUYPhaSLFto,https://i.ytimg.com/vi/IUYPhaSLFto/mqdefault.jpg
洛可洛斯特,6392,【VR互動演唱會！？】新年第一屆！VRCHAT同樂演唱歌回！【洛可洛斯特 / VTUBER】,2022-02-03T23:37:36Z,https://www.youtube.com/watch?v=IIoyHIegd_4,https://i.ytimg.com/vi/IIoyHIegd_4/mqdefault.jpg
語風薯薯與愛紗公主,6355,【闇影詩章】牌組分享➤直接將噴射炮往對面的臉上塞快樂OTK，還可以玩到36點血對方完全打不死！➧指定娛樂牌 OoS〈shadowverse/シャドウバース〉,2022-01-08T19:00:19Z,https://www.youtube.com/watch?v=mUev8t0vAKY,https://i.ytimg.com/vi/mUev8t0vAKY/mqdefault.jpg
平平子,6346,【晚餐時間】過期餐點⚡User還不一起幫忙吃光光,2022-01-24T02:44:24Z,https://www.youtube.com/watch?v=ai4jngd9g2M,https://i.ytimg.com/vi/ai4jngd9g2M/mqdefault.jpg
兔姬,6341,【簽名會/雜談】結果昨天沒有人跟蹤兔姬進偶像後台... | 除夕紅包場感謝|| #兔姬UsagiHime #惡兔CLUB,2022-02-01T15:54:21Z,https://www.youtube.com/watch?v=28sN-5y_OZc,https://i.ytimg.com/vi/28sN-5y_OZc/mqdefault.jpg
菲フェイ,6336,Fei. 新年快樂 休閒一下 |˶˙ᵕ˙˶)꜆  !YT !LINE !VPN | 1/31,2022-01-31T01:16:01Z,https://www.twitch.tv/videos/1281875514,https://static-cdn.jtvnw.net/cf_vods/d2nvs31859zcd8/016ffcd9887b5522269e_fei_z_40491714299_1643591757//thumb/thumb0-%{width}x%{height}.jpg
洛可洛斯特,6307,【抽卡玄學驗證時間！】プロセカ免費60連抽卡with玄學！只要出彩就獻祭蘿可！【洛可洛斯特 / VTUBER】,2022-01-09T22:48:25Z,https://www.youtube.com/watch?v=IQSi-agAw8Y,https://i.ytimg.com/vi/IQSi-agAw8Y/mqdefault.jpg
猫宮 バニラ,6306,[貓宮香草] 1/24 今天要幹嘛呢  !DC,2022-01-24T18:07:40Z,https://www.twitch.tv/videos/1274591983,https://static-cdn.jtvnw.net/cf_vods/d2nvs31859zcd8/f99a097e893405aa4cb8_vanilla_shironeko_40469887515_1643047656//thumb/thumb0-%{width}x%{height}.jpg
御影曇天,6280,【御影曇天】小蠻腰🦊 『🔞? 點進來之前請先戴上耳機』,2022-01-15T19:00:11Z,https://www.youtube.com/watch?v=EXSJ_jpXEe4,https://i.ytimg.com/vi/EXSJ_jpXEe4/mqdefault.jpg
猫宮 バニラ,6278,[貓宮香草] 1/26 睡覺台  !DC,2022-01-26T21:54:16Z,https://www.twitch.tv/videos/1276991337,https://static-cdn.jtvnw.net/cf_vods/d1m7jfoe9zdc1j/cc98844c30d167c68634_vanilla_shironeko_45298104029_1643234052//thumb/thumb0-%{width}x%{height}.jpg
Aoi Hinamori,6277,【睡衣派對】洛可帶著蛋糕破門而入！！！！！！！貓祭衝塔！！！！！@洛可洛斯特Loco Lost @Neko Matsuri Ch. 貓祭  【AoiHinamori｜洛可｜貓祭】,2022-01-18T01:30:38Z,https://www.youtube.com/watch?v=yQXbJJdreK8,https://i.ytimg.com/vi/yQXbJJdreK8/mqdefault.jpg
泰多貝亞,6271,【undertale】 決戰 Sans,2022-01-14T02:23:07Z,https://www.youtube.com/watch?v=fspyQrPQeuA,https://i.ytimg.com/vi/fspyQrPQeuA/mqdefault.jpg
十五號,6265,【雜談】唸SuperChat順便閒聊【十五號．Vtuber】,2022-01-25T00:17:18Z,https://www.youtube.com/watch?v=aU_DIzQaN9c,https://i.ytimg.com/vi/aU_DIzQaN9c/mqdefault.jpg
Yu,6259,【GTA5】本周合約專家尾關別惹德瑞兩倍喔！還不快去領紅包！合約專家,2022-01-31T17:29:12Z,https://www.youtube.com/watch?v=VKnsg1N41Ko,https://i.ytimg.com/vi/VKnsg1N41Ko/mqdefault.jpg
浠Mizuki,6234,【官方精華剪輯】最喜歡的老師突擊直播！小浠日記篇【浠Mizuki雜談精華】,2022-01-26T20:00:21Z,https://www.youtube.com/watch?v=MK8gFAPlZek,https://i.ytimg.com/vi/MK8gFAPlZek/mqdefault.jpg
祈菈‧貝希毛絲,6227,【台灣黃遊介紹3】不只色色....而且有點變態！？這次的口味很重！【祈菈．貝希毛絲】,2022-01-22T21:53:22Z,https://www.youtube.com/watch?v=Fal1jwKbLMU,https://i.ytimg.com/vi/Fal1jwKbLMU/mqdefault.jpg
海唧,6196,【新年雜談】想要陪你聊天喝酒......過夜（守歲），這樣的要求可以嗎？【海唧/惡獸時代】,2022-02-01T00:30:42Z,https://www.youtube.com/watch?v=ElEV3daQ0vM,https://i.ytimg.com/vi/ElEV3daQ0vM/mqdefault.jpg
Yu,6183,【GTA5精華】火神兵站在你的背後，他非常火,2022-01-26T14:45:05Z,https://www.youtube.com/watch?v=wQtTocA90Ck,https://i.ytimg.com/vi/wQtTocA90Ck/mqdefault.jpg
猫宮 バニラ,6177,[貓宮香草] 1/15 全能型貓貓  !DC,2022-01-15T20:11:54Z,https://www.twitch.tv/videos/1264782375,https://static-cdn.jtvnw.net/cf_vods/d1m7jfoe9zdc1j/789cd722d2a4a4b029a2_vanilla_shironeko_45160199517_1642277507//thumb/thumb0-%{width}x%{height}.jpg
十五號,6175,【遊戲實況】新年前補充偶像魔法（健身環大冒險 Ring Fit Adventure）【十五號．Vtuber】,2022-01-27T23:31:38Z,https://www.youtube.com/watch?v=op7L4TAW3W8,https://i.ytimg.com/vi/op7L4TAW3W8/mqdefault.jpg
瑪格麗特．溫特斯,6147,【#瑪格麗特的茶會】魔女的細語呢喃🌼ASMR【瑪格麗特Vtuber】#瑪格麗特溫特斯 #3DIO,2022-01-30T01:40:04Z,https://www.youtube.com/watch?v=5gw12j_DJZs,https://i.ytimg.com/vi/5gw12j_DJZs/mqdefault.jpg
語風薯薯與愛紗公主,6140,【闇影詩章】微牌組分享➤四位火槍手跳起同時跳起，特殊構築讓你八費還有兩顆EP可以利用！➧指定娛樂牌 OoS〈shadowverse/シャドウバース〉,2022-01-12T19:00:07Z,https://www.youtube.com/watch?v=AvUYISL5GGw,https://i.ytimg.com/vi/AvUYISL5GGw/mqdefault.jpg
兔姬,6118,【雜談】短暫回歸!!! 說說這陣子到底在幹嘛  #兔姬UsagiHime #惡兔CLUB,2022-01-08T04:23:35Z,https://www.youtube.com/watch?v=WIvBlVcvgKI,https://i.ytimg.com/vi/WIvBlVcvgKI/mqdefault.jpg
語風薯薯與愛紗公主,6037,【闇影詩章】牌組分享➤巨大妖狐回歸！一尾狐騷擾後期九尾型態直接帶走對方！➧指定T2 OoS〈shadowverse/シャドウバース〉,2022-01-18T19:49:39Z,https://www.youtube.com/watch?v=DWQ2GxvYKwA,https://i.ytimg.com/vi/DWQ2GxvYKwA/mqdefault.jpg
阿爾姿,5972,【歌枠】初歌回！新年歌回！初二也來聽首歌吧！【阿爾姿/惡獸時代】,2022-02-02T21:35:39Z,https://www.youtube.com/watch?v=dYEWOkSRlHA,https://i.ytimg.com/vi/dYEWOkSRlHA/mqdefault.jpg
神稻櫻火,5968,突襲!!!唱歌聊天什麼都做的休閒作業台🌸#神稻櫻火,2022-01-14T12:05:59Z,https://www.youtube.com/watch?v=5e14z9LTk2o,https://i.ytimg.com/vi/5e14z9LTk2o/mqdefault.jpg
瑪格麗特．溫特斯,5964,【#瑪格麗特的茶會】圓周率🌼也能哄睡魔法？？？【瑪格麗特Vtuber】#瑪格麗特溫特斯,2022-01-16T00:58:59Z,https://www.youtube.com/watch?v=g0K9wpTEnYI,https://i.ytimg.com/vi/g0K9wpTEnYI/mqdefault.jpg
露恰露恰,5925,【深夜談】東摸西摸工作台🍻【露恰露恰．Vtuber】,2022-01-25T01:44:25Z,https://www.youtube.com/watch?v=Lk5G36F4mDw,https://i.ytimg.com/vi/Lk5G36F4mDw/mqdefault.jpg
洛可洛斯特,5904,【一日限定洛可神社！】新年繪馬開封！2022年了來看看各位的新年新希望是甚麼！【洛可洛斯特 / VTUBER】,2022-01-08T19:30:18Z,https://www.youtube.com/watch?v=i5ve3Hr4GMU,https://i.ytimg.com/vi/i5ve3Hr4GMU/mqdefault.jpg
瑪格麗特．溫特斯,5898,【#瑪格麗特的茶會】一起逛逛🌼線上VR同人展 Virtual Comic Verse 2021【瑪格麗特Vtuber】#瑪格麗特溫特斯,2022-01-10T22:25:31Z,https://www.youtube.com/watch?v=5uoZx44Q6-g,https://i.ytimg.com/vi/5uoZx44Q6-g/mqdefault.jpg
米亞,5873,【投稿徵集中】收到好多人「講你知123！」的翻唱✨能跟大家一起合唱嗎?www【米亞 / HKVtuber】,2022-01-22T01:28:25Z,https://www.youtube.com/watch?v=cG3eu3ozPN8,https://i.ytimg.com/vi/cG3eu3ozPN8/mqdefault.jpg
Asa Ifrit,5872,【SP】年末尾牙大抽獎，沒有要抽GOGORO【AsaIfrit】#asalive,2022-01-26T03:32:47Z,https://www.youtube.com/watch?v=hDDxlOcCL-A,https://i.ytimg.com/vi/hDDxlOcCL-A/mqdefault.jpg
神稻櫻火,5870,80年代精選歌回🌸全家一起來懷舊囉!!🌸#神稻櫻火,2022-01-20T20:58:12Z,https://www.youtube.com/watch?v=GnMmgvDdONI,https://i.ytimg.com/vi/GnMmgvDdONI/mqdefault.jpg
兔姬,5867,【新年第一場直播】除夕紅包場之老兔開唱!!! 今年的兔姬不是0的女人! 有看到有好運! #兔姬UsagiHime #惡兔CLUB,2022-01-31T18:54:46Z,https://www.youtube.com/watch?v=dvtnIurQ0ZE,https://i.ytimg.com/vi/dvtnIurQ0ZE/mqdefault.jpg
猫宮 バニラ,5819,[貓宮香草] 1/25 又冷又好睡  !DC,2022-01-25T10:08:15Z,https://www.twitch.tv/videos/1275344373,https://static-cdn.jtvnw.net/cf_vods/d2nvs31859zcd8/544321857e88b6f53299_vanilla_shironeko_40472347339_1643105290//thumb/thumb0-%{width}x%{height}.jpg
語風薯薯與愛紗公主,5807,【闇影詩章χ合輯】隨意精選➤你有見過七費開解放奧義嘛？｜不是！都蓄積了居然還會土地公...〈shadowverse/シャドウバース〉,2022-01-13T20:44:54Z,https://www.youtube.com/watch?v=Pw0eyjPRIAw,https://i.ytimg.com/vi/Pw0eyjPRIAw/mqdefault.jpg
洛可洛斯特,5794,【日本旅遊懷舊時間！】大年初二！一起來看看之前去日本拍的照片吧！新年期間出不了國就靠這個ㄌ！【洛可洛斯特 / VTUBER】,2022-02-03T02:41:37Z,https://www.youtube.com/watch?v=6UwHeDSTtGU,https://i.ytimg.com/vi/6UwHeDSTtGU/mqdefault.jpg
平平子,5774,【終結者莉莉：騎士救贖 Ender Lilies: Quietus of the Knights】 終結者特訓中⚡User專屬中風時間,2022-01-16T22:18:14Z,https://www.youtube.com/watch?v=ygGbWVuurEY,https://i.ytimg.com/vi/ygGbWVuurEY/mqdefault.jpg
Aoi Hinamori,5768,【壺男 Getting Over it】🔥登錄者２００００人前進！新年衝了啦！！！🔥【AoiHinamori​​​​】,2022-02-01T20:25:48Z,https://www.youtube.com/watch?v=lm3469doLYQ,https://i.ytimg.com/vi/lm3469doLYQ/mqdefault.jpg
語風薯薯與愛紗公主,5752,【闇影詩章】牌組分享➤最無腦的死靈牌組，4費鋪超大場面爽玩就是對手要自己想辦法！➧無限制T1 OoS〈shadowverse/シャドウバース〉,2022-01-21T20:30:11Z,https://www.youtube.com/watch?v=i_oAXIxQxLo,https://i.ytimg.com/vi/i_oAXIxQxLo/mqdefault.jpg
璐洛洛,5739,🔴AR59 ASIA【#原神 / Genshin】鍾離&甘雨復刻代抽預約中，每周日滷肉幫到你家! ▹璐洛洛◃,2022-01-23T11:18:20Z,https://www.twitch.tv/videos/1273242417,https://static-cdn.jtvnw.net/cf_vods/d2nvs31859zcd8/7fef8a956f973becf635_ruroroisme_40464948923_1642936691//thumb/thumb0-%{width}x%{height}.jpg
平平子,5727,【新春時裝募集】什麼是時尚⚡就讓User來教教平平子吧！,2022-01-30T23:16:58Z,https://www.youtube.com/watch?v=E_PjPVOhR10,https://i.ytimg.com/vi/E_PjPVOhR10/mqdefault.jpg
塔芭絲可,5677,🐙不耐久台🐙讓我們朝2萬邁進吧各位!!!!!!!!!【MiroLive/塔芭絲可】,2022-01-15T01:07:16Z,https://www.youtube.com/watch?v=dNj9lJyOaac,https://i.ytimg.com/vi/dNj9lJyOaac/mqdefault.jpg
貝莉莓Vtype,5675,莓作室新職缺，歡迎應徵【貝莉莓】,2022-01-28T17:00:21Z,https://www.youtube.com/watch?v=moT2Do9J2eM,https://i.ytimg.com/vi/moT2Do9J2eM/mqdefault.jpg
露恰露恰,5633,【深夜談】不講武德聊天工作台🍻【露恰露恰．Vtuber】,2022-01-11T02:06:08Z,https://www.youtube.com/watch?v=91f1EmsRwOA,https://i.ytimg.com/vi/91f1EmsRwOA/mqdefault.jpg
Aoi Hinamori,5620,【寶可夢傳說 阿爾宙斯】訓練家參戰！全新的遊玩方式！好期待啊！【AoiHinamori​​​​】,2022-01-29T05:35:20Z,https://www.youtube.com/watch?v=lHXGagoIvns,https://i.ytimg.com/vi/lHXGagoIvns/mqdefault.jpg
虎妮,5606,睽違兩年的初見安安+新衣發表 | 貝塔虎妮,2022-01-28T01:29:30Z,https://www.youtube.com/watch?v=_lte8Pe5PVU,https://i.ytimg.com/vi/_lte8Pe5PVU/mqdefault.jpg
歐貝爾,5602,【雜談】工作時間！來聊聊熊熊最近在忙什麼！週表怎麼還沒出！【歐貝爾．Vtuber】,2022-01-21T00:37:36Z,https://www.youtube.com/watch?v=qOXt6kq5JA4,https://i.ytimg.com/vi/qOXt6kq5JA4/mqdefault.jpg
巴蘭利維坦,5574,【酒雜KTV】我沒醉我的布丁有三個哈哈哈【Balaen Leviathan】#巴蘭海生館,2022-02-01T01:40:12Z,https://www.youtube.com/watch?v=xqi7yRljpYI,https://i.ytimg.com/vi/xqi7yRljpYI/mqdefault.jpg
Yu,5569,【GTA5】終於攻破！單人地下室黃金門開門法！佩里克島搶劫,2022-02-04T20:12:06Z,https://www.youtube.com/watch?v=mXLBcROZ0go,https://i.ytimg.com/vi/mXLBcROZ0go/mqdefault.jpg
泰多貝亞,5543,【新年快樂】線上線下都一起刮刮樂!!!!,2022-02-01T01:16:17Z,https://www.youtube.com/watch?v=eQTVOzwu7Yc,https://i.ytimg.com/vi/eQTVOzwu7Yc/mqdefault.jpg
說書客,5539,說台終於有女？ 初一有女討論哲學 ：初一特備直播,2022-02-02T01:15:19Z,https://www.youtube.com/watch?v=_ZwuV-pn3Jw,https://i.ytimg.com/vi/_ZwuV-pn3Jw/mqdefault.jpg
說書客,5538,是非有分別嗎？世上有正確答案嗎？一切是相對的嗎？ 《莊子 齊物論》 相對主義 萬物齊一：哲學說故事,2022-01-24T20:00:26Z,https://www.youtube.com/watch?v=TKZ37VYG9SA,https://i.ytimg.com/vi/TKZ37VYG9SA/mqdefault.jpg
洛可洛斯特,5504,【VR線上同人展約會！】VR同人展初體驗！跟AOI一起來逛展！各位沒VR的也可以一起逛喔！【洛可洛斯特 / AOI】,2022-01-13T00:25:21Z,https://www.youtube.com/watch?v=rLZxT1guzuw,https://i.ytimg.com/vi/rLZxT1guzuw/mqdefault.jpg
語風薯薯與愛紗公主,5499,【闇影詩章】十禍鬥爭擴充∷2/1號突如其來的平衡更新，全卡釋出！老婆里榭娜可愛到簡直無敵了！#3〈shadowverse/シャドウバース〉,2022-01-31T21:15:24Z,https://www.youtube.com/watch?v=6-SLzeq8GbY,https://i.ytimg.com/vi/6-SLzeq8GbY/mqdefault.jpg
平平子,5499,【健身環 Ring Fit Adventure】User新年快樂⚡平平子只是想運動一下,2022-02-01T01:50:17Z,https://www.youtube.com/watch?v=EzSYInFagUo,https://i.ytimg.com/vi/EzSYInFagUo/mqdefault.jpg
高雄林小姐,5497,"停機車接觸2分鐘就染疫?｜掃碼怕隔離,實聯制漏洞百出🍓20220129　#高雄林小姐 #Vtuber​​​​ #台灣Vtuber​​​ #台V​​",2022-01-29T21:29:14Z,https://www.youtube.com/watch?v=BhsTADUmq5A,https://i.ytimg.com/vi/BhsTADUmq5A/mqdefault.jpg
十五號,5477,【遊戲實況】休閒麥塊（Minecraft）【十五號．Vtuber】,2022-01-13T00:07:27Z,https://www.youtube.com/watch?v=q3XU_6VWEHo,https://i.ytimg.com/vi/q3XU_6VWEHo/mqdefault.jpg
瑪格麗特．溫特斯,5473,【#瑪格麗特的茶會】咬咬棉花糖🌼【瑪格麗特Vtuber】#瑪格麗特溫特斯,2022-01-11T23:33:49Z,https://www.youtube.com/watch?v=V1TlQJKhjUY,https://i.ytimg.com/vi/V1TlQJKhjUY/mqdefault.jpg
語風薯薯與愛紗公主,5469,【闇影詩章】牌組分享➤主教全新流派用奶的讓對面懷疑人生，掌握四種主戰者能力就能擁有世界！➧指定T3 OoS〈shadowverse/シャドウバース〉,2022-01-16T19:00:13Z,https://www.youtube.com/watch?v=Cmb-TWPZSxQ,https://i.ytimg.com/vi/Cmb-TWPZSxQ/mqdefault.jpg
歐貝爾,5460,【寶可夢傳說 阿爾宙斯】目指せ！オーベル(俺)は丟球大師だ！【歐貝爾．Vtuber】,2022-01-29T00:44:43Z,https://www.youtube.com/watch?v=bGSmUWlWDNo,https://i.ytimg.com/vi/bGSmUWlWDNo/mqdefault.jpg
神稻櫻火,5450,週二下午的陪上班練唱時間🌸#神稻櫻火,2022-01-25T15:36:51Z,https://www.youtube.com/watch?v=DRou-nA86Js,https://i.ytimg.com/vi/DRou-nA86Js/mqdefault.jpg
海唧,5443,【突發懲罰】處罰(瑟瑟?)時間【海唧/惡獸時代】,2022-01-09T23:15:36Z,https://www.youtube.com/watch?v=lKXQSN7BUzo,https://i.ytimg.com/vi/lKXQSN7BUzo/mqdefault.jpg
語風薯薯與愛紗公主,5415,【闇影詩章】十禍鬥爭擴充∷感謝久苑手下留情！史上最驚喜的DLC卡包，微笑絕傑真的是來塔諾西的！#1〈shadowverse/シャドウバース〉,2022-01-27T21:00:12Z,https://www.youtube.com/watch?v=WpyH_r9GK9E,https://i.ytimg.com/vi/WpyH_r9GK9E/mqdefault.jpg
洛可洛斯特,5410,【終於來的7000紀念歌回！】第一次的台語歌回！我台語真的不好啊等等！【洛可洛斯特 / VTUBER】,2022-01-15T23:38:25Z,https://www.youtube.com/watch?v=N37RI44mZ5U,https://i.ytimg.com/vi/N37RI44mZ5U/mqdefault.jpg
平平子,5408,【罷工臺】禮物開不完又頭痛⚡平平子耍廢工作中,2022-01-10T00:13:43Z,https://www.youtube.com/watch?v=QTpsO8Z2UPA,https://i.ytimg.com/vi/QTpsO8Z2UPA/mqdefault.jpg
語風薯薯與愛紗公主,5328,【闇影詩章】牌組分享➤混沌巫獲得十費最強終端，飢餓+萊歐後期花式斬殺秀翻！➧指定T3 OoS〈shadowverse/シャドウバース〉,2022-02-02T19:21:14Z,https://www.youtube.com/watch?v=AbZ36X87Tjo,https://i.ytimg.com/vi/AbZ36X87Tjo/mqdefault.jpg
十五號,5314,【恐怖？遊戲實況】探討哲學的奧妙（House of Detention）【十五號．Vtuber】,2022-01-07T22:47:47Z,https://www.youtube.com/watch?v=ROMQgKW_5VU,https://i.ytimg.com/vi/ROMQgKW_5VU/mqdefault.jpg
Aoi Hinamori,5305,【寶可夢傳說 阿爾宙斯】２萬後的第一個直播！讓你們看看我抓的大大大寶可夢！【AoiHinamori​​​​】,2022-02-03T01:01:24Z,https://www.youtube.com/watch?v=5x0j_RBTnVk,https://i.ytimg.com/vi/5x0j_RBTnVk/mqdefault.jpg
平平子,5299,【文字遊戲 Word Game】對聯看不懂⚡只好透過遊戲重修國文了！,2022-02-04T03:07:59Z,https://www.youtube.com/watch?v=zrczKlVblLY,https://i.ytimg.com/vi/zrczKlVblLY/mqdefault.jpg
兔姬,5296,【棉花糖】棉花糖不能放過年 | 微重要消息公布 | 阿黑顏很棒啊請大家評評理!!!!! #兔姬UsagiHime #惡兔CLUB,2022-02-05T01:20:57Z,https://www.youtube.com/watch?v=ovAxVeGfUM8,https://i.ytimg.com/vi/ovAxVeGfUM8/mqdefault.jpg
平平子,5293,【謝謝SC】細嚼慢唸⚡亂談阿平年前謝謝User,2022-01-26T02:51:28Z,https://www.youtube.com/watch?v=pUNPCvDQJL0,https://i.ytimg.com/vi/pUNPCvDQJL0/mqdefault.jpg
海唧,5282,【開箱】小時候被雜貨店抽獎騙過的孩子們進來，我現在就抽給你看【海唧/惡獸時代】,2022-02-02T14:06:23Z,https://www.youtube.com/watch?v=s3l-xvgMn1A,https://i.ytimg.com/vi/s3l-xvgMn1A/mqdefault.jpg
平平子,5278,【Papetura】稜稜角角的世界⚡平平摺紙探探險,2022-01-08T02:45:42Z,https://www.youtube.com/watch?v=xXcfR6KfCNs,https://i.ytimg.com/vi/xXcfR6KfCNs/mqdefault.jpg
歐妲,5274,【讀書監督台】讓我們一起讀一個小時後.......去玩?【歐妲/惡獸時代】,2022-01-16T17:37:30Z,https://www.youtube.com/watch?v=1UX2JSH0r-M,https://i.ytimg.com/vi/1UX2JSH0r-M/mqdefault.jpg
十五號,5272,【雜談】軟爛石虎光速詠唱唸SuperChat【十五號．Vtuber】,2022-01-29T00:04:17Z,https://www.youtube.com/watch?v=2WM1PZ-C0qU,https://i.ytimg.com/vi/2WM1PZ-C0qU/mqdefault.jpg
歐貝爾,5266,【公主連結】克蕾琪塔快樂爆抽！盡量抽沒關係的，消業障還是帶你們飛就看這次了！【歐貝爾．Vtuber】,2022-01-24T00:26:07Z,https://www.youtube.com/watch?v=Woqs8xFYvE8,https://i.ytimg.com/vi/Woqs8xFYvE8/mqdefault.jpg
瑪格麗特．溫特斯,5222,【#瑪格麗特的茶會】用我的聲音🌼傳遞你的記憶【瑪格麗特Vtuber】#瑪格麗特溫特斯,2022-01-22T00:45:09Z,https://www.youtube.com/watch?v=Ll-0EkgCAI4,https://i.ytimg.com/vi/Ll-0EkgCAI4/mqdefault.jpg
神稻櫻火,5217,早安呱呱🌸🌸🌸#神稻櫻火,2022-01-29T12:17:18Z,https://www.youtube.com/watch?v=N_iZBDe7-Dw,https://i.ytimg.com/vi/N_iZBDe7-Dw/mqdefault.jpg
貝莉莓Vtype,5205,社會脫節，虎鯨是誰?山田又是誰?完全聽不懂【貝莉莓】,2022-01-10T17:00:06Z,https://www.youtube.com/watch?v=EO2H9bjOMw4,https://i.ytimg.com/vi/EO2H9bjOMw4/mqdefault.jpg
悠白,5178,【#阿爾宙斯 EP2】馴服或死亡！！寶可夢PUA大師之路～｜ #悠白 #Ubye #寶可夢 #阿爾宙斯 #Arceus,2022-02-01T05:12:21Z,https://www.youtube.com/watch?v=U4gtlzRISoE,https://i.ytimg.com/vi/U4gtlzRISoE/mqdefault.jpg
高雄林小姐,5146,"嘆台灣不公不義,龐建國身亡｜F16V訓練墜海,飛官未彈射 🍓20220111　#高雄林小姐 #Vtuber​​​​ #台灣Vtuber​​​ #台V​​",2022-01-11T21:59:01Z,https://www.youtube.com/watch?v=YWK7ErrSP_U,https://i.ytimg.com/vi/YWK7ErrSP_U/mqdefault.jpg
泰多貝亞,5146,【MineCraft】熬夜把那該死的村民交易所都弄完，現在又要去打終界 ft. hen多人,2022-01-08T01:11:27Z,https://www.youtube.com/watch?v=kcDKa2-lSWA,https://i.ytimg.com/vi/kcDKa2-lSWA/mqdefault.jpg
海唧,5136,【League of Legends】無情單殺 無情雙殺!! 看我殺爆!!......or被殺爆??【海唧/惡獸時代】,2022-02-04T01:57:11Z,https://www.youtube.com/watch?v=M6qGGnUJNcI,https://i.ytimg.com/vi/M6qGGnUJNcI/mqdefault.jpg
語風薯薯與愛紗公主,5121,【闇影詩章】牌組分享➤唯我牌組中，上限最高的職業。絕大馬賽班恩一刀劈開對面主戰者頭！➧指定T3 OoS〈shadowverse/シャドウバース〉,2022-02-03T19:35:31Z,https://www.youtube.com/watch?v=AsrjiIbknRU,https://i.ytimg.com/vi/AsrjiIbknRU/mqdefault.jpg
兔姬,5098,【朝活】吃早餐 #兔姬UsagiHime #惡兔CLUB,2022-01-23T15:37:15Z,https://www.youtube.com/watch?v=o-PKa4fFuFM,https://i.ytimg.com/vi/o-PKa4fFuFM/mqdefault.jpg
阿爾姿,5087,【雜談】酒我準備好了，你們還醒著嗎？【阿爾姿/惡獸時代】,2022-02-03T02:16:44Z,https://www.youtube.com/watch?v=-t3gHZBkQrY,https://i.ytimg.com/vi/-t3gHZBkQrY/mqdefault.jpg
歐貝爾,5069,【健身環大冒險】真的好健康！三萬訂閱健身環，謝謝大家的支持我要不行了...【歐貝爾．Vtuber】,2022-01-29T22:53:20Z,https://www.youtube.com/watch?v=1hYbSDU1hkU,https://i.ytimg.com/vi/1hYbSDU1hkU/mqdefault.jpg
璐洛洛,5041,🔴AR59 ASIA【#原神 / Genshin】風行迷蹤第二屆友誼賽下週六舉辦，每周日滷肉幫到你家! ▹璐洛洛◃,2022-01-22T11:57:50Z,https://www.twitch.tv/videos/1272070394,https://static-cdn.jtvnw.net/cf_vods/d2nvs31859zcd8/c6437584aab78cca7a9c_ruroroisme_40460845275_1642852661//thumb/thumb0-%{width}x%{height}.jpg
歐妲,5039,【Mario Kart 8 】這是一個不在週表的突發！【歐妲/惡獸時代】,2022-01-11T22:18:47Z,https://www.youtube.com/watch?v=wyEbvpgHpb4,https://i.ytimg.com/vi/wyEbvpgHpb4/mqdefault.jpg
露恰露恰,5029,【深夜談】從0開始的繪圖板安裝測試台🍻【露恰露恰．Vtuber】,2022-01-12T01:27:51Z,https://www.youtube.com/watch?v=XReIj1xG2f8,https://i.ytimg.com/vi/XReIj1xG2f8/mqdefault.jpg
歐妲,5011,【Pokémon Legends: Arceus】希望搶到第1名！歐妲的阿爾宙斯是首發直播嗎？【歐妲/惡獸時代】,2022-01-28T17:59:06Z,https://www.youtube.com/watch?v=6VpuPS4uVG8,https://i.ytimg.com/vi/6VpuPS4uVG8/mqdefault.jpg
十五號,5005,【遊戲實況】我也想過過過兒過過的人生（場外人生）【十五號．Vtuber】,2022-01-30T23:56:04Z,https://www.youtube.com/watch?v=9lKYIQqva9A,https://i.ytimg.com/vi/9lKYIQqva9A/mqdefault.jpg
塔芭絲可,5002,🐙TAKO健康中心.歐派篇#1🐙保健室阿姨TAKO 要來認真給予知識 囉!!【MiroLive/塔芭絲可】,2022-01-20T23:42:28Z,https://www.youtube.com/watch?v=Mlu22siihtc,https://i.ytimg.com/vi/Mlu22siihtc/mqdefault.jpg
歐妲,4999,【Karaoke Stream 歌回】收益化慶祝~~ 今天來輕鬆唱~聊聊天【歐妲/惡獸時代】,2022-01-27T22:13:26Z,https://www.youtube.com/watch?v=FRpwT9PRnvE,https://i.ytimg.com/vi/FRpwT9PRnvE/mqdefault.jpg
塔芭絲可,4989,💵絕對中獎刮刮樂+新衣公布🐙對 我是你們的年終及紅包小偷 但我有給你們..東西..可以ㄅ..不要打110霸脫(規則請幫我細看資訊區)【MiroLive/塔芭絲可】,2022-02-03T01:17:13Z,https://www.youtube.com/watch?v=_8FzUocRJQo,https://i.ytimg.com/vi/_8FzUocRJQo/mqdefault.jpg
平平子,4978,【謝謝SC】今日事~今日斃⚡平平子養聲感謝中,2022-01-12T01:16:04Z,https://www.youtube.com/watch?v=KNVp_4O83Sw,https://i.ytimg.com/vi/KNVp_4O83Sw/mqdefault.jpg
烟花蹦蹦蹦,4928,【烟花】被棉被怪綁架！經驗調還沒修好QQ Woo虎紅包挑戰開跑！ | !活動!新片!比賽!賴貼圖,2022-01-18T12:45:23Z,https://www.twitch.tv/videos/1267699114,https://static-cdn.jtvnw.net/cf_vods/d2nvs31859zcd8/300ef143e66cf72c0ba3_hennie2001_40444834363_1642509915//thumb/thumb0-%{width}x%{height}.jpg
語風薯薯與愛紗公主,4923,【闇影詩章】牌組分享➤大大龍如雨後春筍般出現！七費超大場面無腦疾馳打頭，風之龍人太強了吧！➧指定T2↓ DoC〈shadowverse〉,2022-01-10T21:14:47Z,https://www.youtube.com/watch?v=LjY_KSJoSRE,https://i.ytimg.com/vi/LjY_KSJoSRE/mqdefault.jpg
露恰露恰,4921,【瑪利歐賽車8】繼續在賽道上橫行無阻啦🍻【露恰露恰．Vtuber】,2022-01-10T00:57:15Z,https://www.youtube.com/watch?v=zaegPv0NU_M,https://i.ytimg.com/vi/zaegPv0NU_M/mqdefault.jpg
平平子,4919,【艾芭歷險記：野地大冒險  Alba: A Wildlife Adventure】野地沒有石虎⚡平平子拾荒探險中,2022-01-14T02:46:46Z,https://www.youtube.com/watch?v=-HmSFIGWIJM,https://i.ytimg.com/vi/-HmSFIGWIJM/mqdefault.jpg
露恰露恰,4917,【Minecraft】睏睏水獺感覺已經燃燒殆盡了🍻【露恰露恰．Vtuber】,2022-01-23T17:15:48Z,https://www.youtube.com/watch?v=-uKheNlG7l0,https://i.ytimg.com/vi/-uKheNlG7l0/mqdefault.jpg
洛可洛斯特,4905,【早午安等早餐】早餐台從等早餐開始，我的麥味登呢UBER？【洛可洛斯特 / VTUBER】,2022-01-22T14:13:19Z,https://www.youtube.com/watch?v=L5fnt_NbM6s,https://i.ytimg.com/vi/L5fnt_NbM6s/mqdefault.jpg
兔姬,4900,【雜談】ただいま #兔姬UsagiHime #惡兔CLUB,2022-01-20T02:49:47Z,https://www.youtube.com/watch?v=7WKaXePY8xQ,https://i.ytimg.com/vi/7WKaXePY8xQ/mqdefault.jpg
十五號,4866,【雜談】感謝好野人們的紅包！Super Chat Reading【十五號．Vtuber】,2022-02-03T01:25:58Z,https://www.youtube.com/watch?v=9WQ8eTokE0M,https://i.ytimg.com/vi/9WQ8eTokE0M/mqdefault.jpg
焦兒,4866,【焦兒】NEON will replace JETT? 婕提將被妮虹取代? Valorant montage【特戰英豪】,2022-01-10T19:42:54Z,https://www.youtube.com/watch?v=jFqrUizkeU4,https://i.ytimg.com/vi/jFqrUizkeU4/mqdefault.jpg
蔡宜蓁,4863,【Candy Ch.】奇怪的本體增加了？！ 喪屍|戰鬥|熱血|搞笑|原創動畫|遊戲|Vtuber,2022-01-23T12:00:10Z,https://www.youtube.com/watch?v=3-bKspd0SYk,https://i.ytimg.com/vi/3-bKspd0SYk/mqdefault.jpg
洛可洛斯特,4857,【這禮拜的第一個雜談台！】這次出去玩喊最多句的就是奶子了。【洛可洛斯特 / VTUBER】,2022-01-20T01:03:43Z,https://www.youtube.com/watch?v=6Vf5r-iBmAA,https://i.ytimg.com/vi/6Vf5r-iBmAA/mqdefault.jpg
洛可洛斯特,4821,【如果爆言就會轉會限】充滿廢話的過年前工作台！趕工啦各位！【洛可洛斯特 / VTUBER】,2022-01-27T23:54:35Z,https://www.youtube.com/watch?v=RypExQh7c68,https://i.ytimg.com/vi/RypExQh7c68/mqdefault.jpg
阿爾姿,4804,【Phasmophobia】不怕不怕！全部衝著牛跟比目魚去吧！ft. 歐妲、海唧【阿爾姿/惡獸時代】,2022-01-20T23:31:48Z,https://www.youtube.com/watch?v=zoCqNYpIM4M,https://i.ytimg.com/vi/zoCqNYpIM4M/mqdefault.jpg
塔芭絲可,4804,🐙健身環+健康步道🐙很好 大家 我要說再見了【MiroLive/塔芭絲可】,2022-01-09T17:59:53Z,https://www.youtube.com/watch?v=Hmlz-0GEiNE,https://i.ytimg.com/vi/Hmlz-0GEiNE/mqdefault.jpg
からみ,4794,95秒認識2022的からみ,2022-01-21T18:30:17Z,https://www.youtube.com/watch?v=j0cyd3I3yI0,https://i.ytimg.com/vi/j0cyd3I3yI0/mqdefault.jpg
平平子,4793,【辦公室冒險 The Office Quest】 加班地獄⚡不要休息了！社畜起來嗨！,2022-01-15T03:01:19Z,https://www.youtube.com/watch?v=OBUOaB7zQTs,https://i.ytimg.com/vi/OBUOaB7zQTs/mqdefault.jpg
希靈,4781,ASMR 台灣｜工作+雜談｜添い寝雜談【Healing希靈/VTuber】,2022-01-15T02:39:53Z,https://www.youtube.com/watch?v=fcuYuHYSCrg,https://i.ytimg.com/vi/fcuYuHYSCrg/mqdefault.jpg
灰名,4768,【灰名KAINA】1/31 除夕IG問答 【雜談 Just Chatting】,2022-01-31T02:13:09Z,https://www.youtube.com/watch?v=38X9YLf1RVI,https://i.ytimg.com/vi/38X9YLf1RVI/mqdefault.jpg
虹月,4743,【 遊戲王Xrossing邀請賽 決賽D3】希望大家這次玩得開心!【虹月Neon】,2022-01-29T16:39:46Z,https://www.youtube.com/watch?v=BCyOLZBvCmU,https://i.ytimg.com/vi/BCyOLZBvCmU/mqdefault.jpg
塔芭絲可,4731,🐙哄睡工作臺🐙來閉上眼睛 開始數 一隻觸手 兩隻觸手...【MiroLive/塔芭絲可】,2022-01-17T02:23:10Z,https://www.youtube.com/watch?v=eH2D3Qm1HFw,https://i.ytimg.com/vi/eH2D3Qm1HFw/mqdefault.jpg
歐妲,4719,【練琴回】練琴抖抖 ! 來克服心魔心魔吧 !【歐妲/惡獸時代】,2022-01-06T13:59:10Z,https://www.youtube.com/watch?v=h8_3Krxg0tU,https://i.ytimg.com/vi/h8_3Krxg0tU/mqdefault.jpg
Aoi Hinamori,4719,【感謝簽名會】過年前的簽名會！！！！感謝患者們的支持！！！【AoiHinamori​​​​】,2022-01-31T03:23:16Z,https://www.youtube.com/watch?v=tzqnkcxIIpQ,https://i.ytimg.com/vi/tzqnkcxIIpQ/mqdefault.jpg
洛可洛斯特,4691,【DEEMO II初見！】雷亞音樂遊戲續作！DEEMO出新作辣！來探路囉好興奮RRRR！【洛可洛斯特 / VTUBER】,2022-01-13T19:41:39Z,https://www.youtube.com/watch?v=3vwU_xLaCc0,https://i.ytimg.com/vi/3vwU_xLaCc0/mqdefault.jpg
歐妲,4686,【雜談】突發 ! 1/8 號海唧生日 ! 本公主該買禮物了 (燦笑【歐妲/惡獸時代】,2022-01-07T13:41:34Z,https://www.youtube.com/watch?v=jBUWT1z9pOM,https://i.ytimg.com/vi/jBUWT1z9pOM/mqdefault.jpg
高雄林小姐,4679,"拿了52, 氣燄沖天？ 華視要國民黨撤案, 藍綠氣炸 🍓20220118 #高雄林小姐 #Vtuber​​​​ #台灣Vtuber​​​ #台V​​",2022-01-18T22:01:11Z,https://www.youtube.com/watch?v=P60xpDYmB2c,https://i.ytimg.com/vi/P60xpDYmB2c/mqdefault.jpg
洛可洛斯特,4663,【官方會限遊戲王MD剪輯】排滿黑魔導了！！對面只有一個可以贏了對吧？....阿阿阿阿阿阿！【洛可洛斯特 / VTUBER】,2022-01-27T00:16:33Z,https://www.youtube.com/watch?v=v_DnC3Mx5bA,https://i.ytimg.com/vi/v_DnC3Mx5bA/mqdefault.jpg
露恰露恰,4644,【Minecraft】十週年目標提前達成了...接下來呢？🍻【露恰露恰．Vtuber】,2022-01-20T01:18:14Z,https://www.youtube.com/watch?v=NLHyOGvYVqQ,https://i.ytimg.com/vi/NLHyOGvYVqQ/mqdefault.jpg
平平子,4632,【唸唸SC】快！還要更快！⚡平平子趕謝再趕謝,2022-01-07T02:46:22Z,https://www.youtube.com/watch?v=feq7j3XdR_8,https://i.ytimg.com/vi/feq7j3XdR_8/mqdefault.jpg
塔芭絲可,4620,🐙FREEEE🐙我就想開台 爽啦【MiroLive/塔芭絲可】,2022-01-24T19:08:06Z,https://www.youtube.com/watch?v=NosZU5HaxYo,https://i.ytimg.com/vi/NosZU5HaxYo/mqdefault.jpg
泰多貝亞,4612,【小白兔電商】(退款了，因為是支游) 改成MC,2022-01-30T17:16:01Z,https://www.youtube.com/watch?v=hO_7b-8aua8,https://i.ytimg.com/vi/hO_7b-8aua8/mqdefault.jpg
高雄林小姐,4601,朱立倫、林昶佐選完逃避問題｜韓打疫苗才給買東西? 🍓20220110　#高雄林小姐 #Vtuber​​​​ #台灣Vtuber​​​ #台V​​,2022-01-10T21:36:00Z,https://www.youtube.com/watch?v=KkkYxzMDysM,https://i.ytimg.com/vi/KkkYxzMDysM/mqdefault.jpg
歐貝爾,4594,【雜談】SC朗讀+聖誕禮物拆件【歐貝爾．Vtuber】 ｜3DIO收音,2022-01-09T01:08:34Z,https://www.youtube.com/watch?v=2heocd5mHxw,https://i.ytimg.com/vi/2heocd5mHxw/mqdefault.jpg
十五號,4589,【遊戲實況】挖鐵礦閒聊台（Minecraft）【十五號．Vtuber】,2022-01-20T23:28:28Z,https://www.youtube.com/watch?v=e5Jd6NU7xt8,https://i.ytimg.com/vi/e5Jd6NU7xt8/mqdefault.jpg
平平子,4578,【謝謝SC】沒有謝不完的可能⚡平平子的飯後談天時間,2022-01-19T00:51:12Z,https://www.youtube.com/watch?v=0jgugGEB0rk,https://i.ytimg.com/vi/0jgugGEB0rk/mqdefault.jpg
平平子,4577,【拆拆禮物】謝謝大家的禮物⚡User的心意平平子都收到囉,2022-01-30T00:58:30Z,https://www.youtube.com/watch?v=iO5r4CVi84E,https://i.ytimg.com/vi/iO5r4CVi84E/mqdefault.jpg
歐妲,4571,【新年歌回】大年初三換我接力！老鼠娶親 ~ 唱一些輕鬆的歌吧【歐妲/惡獸時代】,2022-02-03T22:17:33Z,https://www.youtube.com/watch?v=pUkbWKtXmrk,https://i.ytimg.com/vi/pUkbWKtXmrk/mqdefault.jpg
瑪格麗特．溫特斯,4557,新年快樂！虎年來啦！！！,2022-02-02T10:00:09Z,https://www.youtube.com/watch?v=wHFNfXfbhJg,https://i.ytimg.com/vi/wHFNfXfbhJg/mqdefault.jpg
小森未央,4550,【Apex】抱爛東南亞冠軍的大腿！上了鑽石就不能逛街真的很傷心【小森未央】 @Roieee,2022-02-03T12:15:00Z,https://www.youtube.com/watch?v=cgrAj0MBPFY,https://i.ytimg.com/vi/cgrAj0MBPFY/mqdefault.jpg
手打 SODA,4543,[ 自己紹介 ]  Vtuber一問一答自己紹介 【 台灣Vtuber / 手打SODA 】,2022-01-15T17:00:22Z,https://www.youtube.com/watch?v=ojKCDRCH2aM,https://i.ytimg.com/vi/ojKCDRCH2aM/mqdefault.jpg
阿爾姿,4537,【繪圖】本女王的第一次，跟焦仔巴們一起過年？【阿爾姿/惡獸時代】【#1】,2022-01-21T18:31:23Z,https://www.youtube.com/watch?v=CsQMYNxKnxI,https://i.ytimg.com/vi/CsQMYNxKnxI/mqdefault.jpg
神稻櫻火,4509,吃吃棉花糖🌸🌸🌸#神稻櫻火,2022-01-14T00:14:16Z,https://www.youtube.com/watch?v=FI9kG1BFtp4,https://i.ytimg.com/vi/FI9kG1BFtp4/mqdefault.jpg
海唧,4507,【爆料大會】阿爾姿讓大家看看！！ft.歐妲【海唧/惡獸時代】,2022-01-17T19:55:56Z,https://www.youtube.com/watch?v=ytuxXWIq5jo,https://i.ytimg.com/vi/ytuxXWIq5jo/mqdefault.jpg
Yu,4504,【GTA5實況】除夕夜！祝大家都能過個好年！,2022-02-01T03:44:26Z,https://www.youtube.com/watch?v=66rWUvcfiCc,https://i.ytimg.com/vi/66rWUvcfiCc/mqdefault.jpg
神稻櫻火,4476,聽說今天很多呱呱上班補班...?🌸陪上班練歌台來囉!!#神稻櫻火,2022-01-22T23:12:38Z,https://www.youtube.com/watch?v=3S99Z0A1nvs,https://i.ytimg.com/vi/3S99Z0A1nvs/mqdefault.jpg
洛可洛斯特,4463,【突發的日版世界計畫】プロセカ打歌時間！好想把EX清空阿！【洛可洛斯特 / VTUBER】,2022-01-21T19:54:01Z,https://www.youtube.com/watch?v=NyqHZPWC2vA,https://i.ytimg.com/vi/NyqHZPWC2vA/mqdefault.jpg
Asa Ifrit,4446,【SP】15連刮【AsaIfrit】#asalive,2022-02-02T03:00:20Z,https://www.youtube.com/watch?v=BaQWBNDfhM0,https://i.ytimg.com/vi/BaQWBNDfhM0/mqdefault.jpg
阿爾姿,4444,【棉花糖】你們人類餵太多了！進來陪我一起消化？【阿爾姿/惡獸時代】,2022-01-18T17:37:29Z,https://www.youtube.com/watch?v=bejHJ8IvjWA,https://i.ytimg.com/vi/bejHJ8IvjWA/mqdefault.jpg
羅德哈特,4437,【歌回】初次歌回就歌單未定？🎩【LORD HATTER】,2022-01-07T00:32:24Z,https://www.youtube.com/watch?v=M5TjEJFVb4o,https://i.ytimg.com/vi/M5TjEJFVb4o/mqdefault.jpg
歐妲,4432,【Minecraft】突發 ! 大壞鳥霸凌童工悲慘畫面流出【歐妲/惡獸時代】,2022-01-06T00:43:32Z,https://www.youtube.com/watch?v=87tvXwjjv_Y,https://i.ytimg.com/vi/87tvXwjjv_Y/mqdefault.jpg
歐妲,4429,【Minecraft】我想去探險 ! ! ! 【歐妲/惡獸時代】,2022-01-09T13:21:05Z,https://www.youtube.com/watch?v=Tk32GnPHgAU,https://i.ytimg.com/vi/Tk32GnPHgAU/mqdefault.jpg
晚安了,4427,【天下布魔更新】祭典巴爾活動輕量復刻❗|最新主線17章開啟|祭典巴爾變強了??,2022-01-12T18:00:12Z,https://www.youtube.com/watch?v=M2f0-iOyIA8,https://i.ytimg.com/vi/M2f0-iOyIA8/mqdefault.jpg
阿爾姿,4423,【It Takes Two】我們行不行？絕對沒問題…吧？ft. 歐妲【阿爾姿/惡獸時代】【#1】,2022-01-24T19:17:14Z,https://www.youtube.com/watch?v=g1rEbIbh3yw,https://i.ytimg.com/vi/g1rEbIbh3yw/mqdefault.jpg
三毛,4417,【4V腸談】能撐到一年的 Vtuber 跟日本壓縮機一樣稀少,2022-01-10T00:47:45Z,https://www.youtube.com/watch?v=0ty45VysaMI,https://i.ytimg.com/vi/0ty45VysaMI/mqdefault.jpg
露恰露恰,4412,【Minecraft】開開聊聊玩玩🍻【露恰露恰．Vtuber】,2022-01-13T01:15:54Z,https://www.youtube.com/watch?v=r183dtu6r7Y,https://i.ytimg.com/vi/r183dtu6r7Y/mqdefault.jpg
海唧,4401,【League of Legends】是CARRY還是送頭 That is a question！！【海唧/惡獸時代】,2022-01-22T22:41:44Z,https://www.youtube.com/watch?v=5rwTSnl8iDQ,https://i.ytimg.com/vi/5rwTSnl8iDQ/mqdefault.jpg
兔姬,4394,【兔姬精華】姬友敢打直球兔姬絕對敢接! 果然第一次都會緊張對吧?  #兔姬UsagiHime #惡兔CLUB #阿兔之聲,2022-01-27T18:30:13Z,https://www.youtube.com/watch?v=5fPVlVFd_j8,https://i.ytimg.com/vi/5fPVlVFd_j8/mqdefault.jpg
歐妲,4387,【午餐雜談】本公主出道滿一個月啦~~ One month anniversay【歐妲/惡獸時代】,2022-01-11T14:28:13Z,https://www.youtube.com/watch?v=usGhq2Z-sUo,https://i.ytimg.com/vi/usGhq2Z-sUo/mqdefault.jpg
Asa Ifrit,4376,【CHAT】✧✧✧❁⚞ 雜 ⚟❁✧✧✧ 【AsaIfrit】#asalive,2022-01-07T03:02:29Z,https://www.youtube.com/watch?v=fqN_PPkR0-k,https://i.ytimg.com/vi/fqN_PPkR0-k/mqdefault.jpg
平平子,4371,【Undertale】似曾相識⚡派派子外出闖天下,2022-01-08T20:20:24Z,https://www.youtube.com/watch?v=7Y1FrtVn16c,https://i.ytimg.com/vi/7Y1FrtVn16c/mqdefault.jpg
高雄林小姐,4370,陳時中才說疫情收斂就被打臉｜2021對陸出口創十年新高 🍓20220113 #高雄林小姐 #Vtuber​​​​ #台灣Vtuber​​​ #台V​​,2022-01-13T21:20:19Z,https://www.youtube.com/watch?v=4yHXi6elux8,https://i.ytimg.com/vi/4yHXi6elux8/mqdefault.jpg
悠白,4357,【逛展啦！】跟雲際線的好捧油們一起去逛VR同人展啦！#VirtualComicVerse2021｜悠白Ubye #U白 #悠白 #雲際線,2022-01-10T22:35:10Z,https://www.youtube.com/watch?v=OEfM4_ak6D0,https://i.ytimg.com/vi/OEfM4_ak6D0/mqdefault.jpg
塔芭絲可,4357,"🐙TA""BAR""SCO開張🐙我有酒 而你有故事 讓我聽聽吧【MiroLive/塔芭絲可】",2022-01-07T00:28:36Z,https://www.youtube.com/watch?v=9KylAt1jL7o,https://i.ytimg.com/vi/9KylAt1jL7o/mqdefault.jpg
悠白,4346,【工作台】用鍵盤聲敲醒禮拜一的早晨，早安早安工作台～｜ #悠白 #Ubye,2022-01-24T10:43:35Z,https://www.youtube.com/watch?v=mr9ayvfyxyU,https://i.ytimg.com/vi/mr9ayvfyxyU/mqdefault.jpg
語風薯薯與愛紗公主,4338,【闇影詩章】微牌組分享➤光靠雙飛二人組照樣速疊出20次離場，補血教奶爆照樣被OTK帶走！➧指定T1 OoS〈shadowverse/シャドウバース〉,2022-01-09T21:33:42Z,https://www.youtube.com/watch?v=Mh4hO5AvpRs,https://i.ytimg.com/vi/Mh4hO5AvpRs/mqdefault.jpg
高雄林小姐,4318,"疫情升,第一線防護被降級?海底火山爆發竟炸出蕈狀雲 🍓20220116　#高雄林小姐 #Vtuber​​​​ #台灣Vtuber​​​ #台V​​",2022-01-16T21:26:33Z,https://www.youtube.com/watch?v=FedNDdsHNDg,https://i.ytimg.com/vi/FedNDdsHNDg/mqdefault.jpg
神稻櫻火,4312,早安呱呱!!!🌸🌸🌸#神稻櫻火,2022-01-07T08:18:03Z,https://www.youtube.com/watch?v=ahd6RjDskXE,https://i.ytimg.com/vi/ahd6RjDskXE/mqdefault.jpg
Yu,4308,【GTA5】西黃金門2022年版新單人開門法10分02秒精英！佩里克島搶劫,2022-01-09T19:32:22Z,https://www.youtube.com/watch?v=HaNaddKj1ao,https://i.ytimg.com/vi/HaNaddKj1ao/mqdefault.jpg
阿爾姿,4301,【短片】MYMYMY DEBUT【阿爾姿/惡獸時代】,2022-01-13T17:30:36Z,https://www.youtube.com/watch?v=M0NKF617wA4,https://i.ytimg.com/vi/M0NKF617wA4/mqdefault.jpg
菲フェイ,4295,Fei. 新年快樂 跟大家一起聞年夜飯 |˶˙ᵕ˙˶)꜆  !YT !LINE !VPN | 2/1,2022-02-01T06:01:31Z,https://www.twitch.tv/videos/1283123861,https://static-cdn.jtvnw.net/cf_vods/d2nvs31859zcd8/a84b350389009bfe1450_fei_z_40495019819_1643695287//thumb/thumb0-%{width}x%{height}.jpg
仔魚,4289,"【仔魚】 1/31 團團圓圓 ",2022-01-31T05:14:26Z,https://www.twitch.tv/videos/1282053782,https://static-cdn.jtvnw.net/cf_vods/d2nvs31859zcd8/c7cfbc3c1c8529808ea8_ziifish_40492251323_1643606061//thumb/thumb0-%{width}x%{height}.jpg
塔芭絲可,4280,🐙台V日麻大賽初賽#1🐻祝大家虎年行大運 過年就應該要團聚 一起打打麻將對吧 @4Virtual TedoBear 泰多貝亞 【MiroLive/塔芭絲可】,2022-01-22T17:13:32Z,https://www.youtube.com/watch?v=UCfKlpvy6ds,https://i.ytimg.com/vi/UCfKlpvy6ds/mqdefault.jpg
瑪格麗特．溫特斯,4272,【#瑪格麗特的茶會】把感謝跟花花一起送給你🌼【瑪格麗特Vtuber】#瑪格麗特溫特斯,2022-01-25T01:31:26Z,https://www.youtube.com/watch?v=awzoKfcwg-U,https://i.ytimg.com/vi/awzoKfcwg-U/mqdefault.jpg
語風薯薯與愛紗公主,4259,【闇影詩章】十禍鬥爭擴充∷全新篡奪複製對面的能力，不弒大開殺戒而沉默不盡情吶喊！#2〈shadowverse/シャドウバース〉,2022-01-29T23:00:14Z,https://www.youtube.com/watch?v=gJDn6WJEu2U,https://i.ytimg.com/vi/gJDn6WJEu2U/mqdefault.jpg
語風薯薯與愛紗公主,4248,『十禍鬥爭PV銜接完整版(中文字幕)／十禍闘争』  (1080 Full HD)【シャドウバース】【shadowverse】【Traditional Chinese】,2022-01-27T15:52:15Z,https://www.youtube.com/watch?v=kVrZNO_nESo,https://i.ytimg.com/vi/kVrZNO_nESo/mqdefault.jpg
Asa Ifrit,4246,【CHAT】在雪中等你【AsaIfrit】#asalive,2022-01-17T01:29:57Z,https://www.youtube.com/watch?v=ick3lLv9byY,https://i.ytimg.com/vi/ick3lLv9byY/mqdefault.jpg
高雄林小姐,4236,"王必勝 : 明天會有不少人確診｜酒駕修法過, 對累犯不痛不癢? 🍓20220124　#高雄林小姐 #Vtuber​​​​ #台灣Vtuber​​​ #台V​​",2022-01-24T21:44:56Z,https://www.youtube.com/watch?v=QmA9N3EJjgg,https://i.ytimg.com/vi/QmA9N3EJjgg/mqdefault.jpg
塔芭絲可,4236,🐙哄睡工作臺🐙閉上眼睛好好休息 我就在你身邊對吧【MiroLive/塔芭絲可】,2022-01-14T02:36:05Z,https://www.youtube.com/watch?v=-4XQqosk2Ss,https://i.ytimg.com/vi/-4XQqosk2Ss/mqdefault.jpg
塔芭絲可,4222,🎤練習唱歌🎤今天練YOASOBI.殘響散歌.雪之華【MiroLive/塔芭絲可】,2022-01-09T02:22:36Z,https://www.youtube.com/watch?v=v3wHTZcHz0w,https://i.ytimg.com/vi/v3wHTZcHz0w/mqdefault.jpg
Aoi Hinamori,4221,【短暫回歸雜談】好久不見！關於我的爆肝休假！【AoiHinamori】,2022-01-09T17:46:29Z,https://www.youtube.com/watch?v=rpX9MzpIqxE,https://i.ytimg.com/vi/rpX9MzpIqxE/mqdefault.jpg
祈菈‧貝希毛絲,4199,【Montaro RE】放鬆遛狗狗聊聊天～狗狗時裝秀！【祈菈．貝希毛絲】,2022-01-16T18:56:14Z,https://www.youtube.com/watch?v=QmNrrmJZHZo,https://i.ytimg.com/vi/QmNrrmJZHZo/mqdefault.jpg
海唧,4194,【拉麵鑑賞】讓我看看你們人類分享的拉麵!!【海唧/惡獸時代】,2022-01-26T22:23:51Z,https://www.youtube.com/watch?v=w7HqO0JXbDY,https://i.ytimg.com/vi/w7HqO0JXbDY/mqdefault.jpg
虹月,4194,【 遊戲王Xrossing邀請賽 預賽D2】對自己的牌組充滿信心!【虹月Neon】,2022-01-28T19:03:41Z,https://www.youtube.com/watch?v=IGhvI3PDfiE,https://i.ytimg.com/vi/IGhvI3PDfiE/mqdefault.jpg
高雄林小姐,4193,2億美金的立陶宛改口費？｜林昶佐扯謊說沒反對調查3+11 🍓20220106 #高雄林小姐 #Vtuber​​​​ #台灣Vtuber​​​ #台V​​,2022-01-06T21:45:31Z,https://www.youtube.com/watch?v=fEwuS3Y3eP8,https://i.ytimg.com/vi/fEwuS3Y3eP8/mqdefault.jpg
菲フェイ,4190,"Fei. A比賽 延遲一分鐘 !加班  |˶˙ᵕ˙˶)꜆  !YT !LINE !比賽 !VPN | 1/14-1/22
",2022-01-22T10:58:13Z,https://www.twitch.tv/videos/1272038510,https://static-cdn.jtvnw.net/cf_vods/d1m7jfoe9zdc1j/64bdd31172edeaba56ca_fei_z_45242958189_1642849086//thumb/thumb0-%{width}x%{height}.jpg
MK妹,4189,《香港ON9校規》唔准飲水?? 聖誕節唔比唱聖誕歌!??,2022-01-21T19:00:11Z,https://www.youtube.com/watch?v=TUtAf4Cp-ts,https://i.ytimg.com/vi/TUtAf4Cp-ts/mqdefault.jpg
神稻櫻火,4152,鬼故事後的早安呱呱!!🌸#神稻櫻火,2022-01-23T11:51:35Z,https://www.youtube.com/watch?v=G1XT3-suun8,https://i.ytimg.com/vi/G1XT3-suun8/mqdefault.jpg
塔芭絲可,4151,🎉16000訂閱慶祝🎉台詞台來了 我到底為什麼要搞自己!!!!!!【MiroLive/塔芭絲可】,2022-01-08T23:25:22Z,https://www.youtube.com/watch?v=SiyF4I1ghIU,https://i.ytimg.com/vi/SiyF4I1ghIU/mqdefault.jpg
Aoi Hinamori,4139,【雜談】睡不著嗎？這麼巧我也是！【AoiHinamori】,2022-01-17T03:39:48Z,https://www.youtube.com/watch?v=TuFBnj-n73Y,https://i.ytimg.com/vi/TuFBnj-n73Y/mqdefault.jpg
Aoi Hinamori,4137,【雜談】棉花糖快放到發霉了！年前來補一下！【AoiHinamori​​​​】,2022-01-25T05:53:01Z,https://www.youtube.com/watch?v=EB5q4INWD7E,https://i.ytimg.com/vi/EB5q4INWD7E/mqdefault.jpg
歐妲,4129,好想玩~,2022-01-13T18:16:13Z,https://www.youtube.com/watch?v=j_KiTXv7M1c,https://i.ytimg.com/vi/j_KiTXv7M1c/mqdefault.jpg
高雄林小姐,4122,"林姿妙遭約談,誰殺紅眼?｜誤判北韓攻美,西岸暫停飛 🍓20220114 #高雄林小姐 #Vtuber​​​​ #台灣Vtuber​​​ #台V​​",2022-01-14T22:11:42Z,https://www.youtube.com/watch?v=eiG5ZEDdkeo,https://i.ytimg.com/vi/eiG5ZEDdkeo/mqdefault.jpg
小夜戸茶,4115,【自我介紹】想成仙滯留在人間的貓妖Vtuber？！【小夜戶茶｜台灣vtuber】,2022-01-08T18:00:14Z,https://www.youtube.com/watch?v=GLUgCl3XkAQ,https://i.ytimg.com/vi/GLUgCl3XkAQ/mqdefault.jpg
如月ルミィ,4102,【香港地圖測驗】考考自己對香港地圖的認知程度！【HKVTuber/如月瑠美】,2022-01-28T23:28:11Z,https://www.youtube.com/watch?v=jIv79PB8Pxw,https://i.ytimg.com/vi/jIv79PB8Pxw/mqdefault.jpg
灰名,4083,【灰名KAINA】1/22  幹 手要廢了【雜談 Just Chatting】,2022-01-22T23:21:49Z,https://www.youtube.com/watch?v=wlG5lTPWONM,https://i.ytimg.com/vi/wlG5lTPWONM/mqdefault.jpg
歐妲,4082,【Untitled Goose Game】 嘎嘎嘎 ! 嘎嘎 ? 嘎嘎～～【歐妲/惡獸時代】,2022-01-21T14:10:38Z,https://www.youtube.com/watch?v=5pASyMfQpNY,https://i.ytimg.com/vi/5pASyMfQpNY/mqdefault.jpg
高雄林小姐,4072,賀錦麗刻意切割賴清德?｜全台2萬人孤單過除夕… 🍓20220130　#高雄林小姐 #Vtuber​​​​ #台灣Vtuber​​​ #台V​​,2022-01-31T01:05:44Z,https://www.youtube.com/watch?v=zvPIzZcvKHU,https://i.ytimg.com/vi/zvPIzZcvKHU/mqdefault.jpg
Yumi Ch.由美,4070,講你知123 ♡ ！- Cover by 由美,2022-01-13T22:30:13Z,https://www.youtube.com/watch?v=NplkyNOb5yI,https://i.ytimg.com/vi/NplkyNOb5yI/mqdefault.jpg
阿爾姿,4060,【線上扭蛋】雲端扭起來！究竟是歐洲還是非洲，來看看就知道！【阿爾姿/惡獸時代】,2022-02-03T19:33:18Z,https://www.youtube.com/watch?v=VwTSg78ixKs,https://i.ytimg.com/vi/VwTSg78ixKs/mqdefault.jpg
歐貝爾,4056,【Do Not Feed the Monkeys】讓我好好偷窺你們的人生【歐貝爾．Vtuber】不要餵食猴子,2022-01-12T02:58:09Z,https://www.youtube.com/watch?v=6rzQAzYRBio,https://i.ytimg.com/vi/6rzQAzYRBio/mqdefault.jpg
高雄林小姐,4054,郭國文想送台灣核食大禮包！｜蛋荒!農委會估「清明」恢復正常🍓20220128　#高雄林小姐 #Vtuber​​​​ #台灣Vtuber​​​ #台V​​,2022-01-28T21:21:36Z,https://www.youtube.com/watch?v=0u5L32wPGK8,https://i.ytimg.com/vi/0u5L32wPGK8/mqdefault.jpg
須多夜花,4054,原來真的有妹妹🌸『🌞琉璃川歌晴🎀』#初配信｜Debut Stream｜#Renewlive,2022-02-01T23:56:19Z,https://www.youtube.com/watch?v=IavK86JsdEg,https://i.ytimg.com/vi/IavK86JsdEg/mqdefault.jpg
塔芭絲可,4052,🐙FREEEE🐙我就想開台 爽啦 阿倫給了我一個禮物 跟你們分享!【MiroLive/塔芭絲可】,2022-01-27T03:28:56Z,https://www.youtube.com/watch?v=sBE6fYF78WY,https://i.ytimg.com/vi/sBE6fYF78WY/mqdefault.jpg
十五號,4050,【遊戲實況】跟祈菈一起試玩解謎遊戲！ft. @祈菈‧貝希毛絲 ch.Narrator / STORIA （Recall : Empty wishes）【十五號．Vtuber】,2022-01-26T23:40:00Z,https://www.youtube.com/watch?v=4WkZpqS1Nh4,https://i.ytimg.com/vi/4WkZpqS1Nh4/mqdefault.jpg
瑪格麗特．溫特斯,4023,【旅遊日記】跟著依筆and瑪麗一起去旅行 feat.依筆🌼【瑪格麗特Vtuber】#瑪格麗特溫特斯 #依筆,2022-01-17T22:33:05Z,https://www.youtube.com/watch?v=XbWTrgRWYOQ,https://i.ytimg.com/vi/XbWTrgRWYOQ/mqdefault.jpg
塔芭絲可,4014,🐙時光膠囊+周邊包裝🐙2022的我們向2023的對話 從今天開始【MiroLive/塔芭絲可】,2022-01-13T00:38:25Z,https://www.youtube.com/watch?v=qmEjP01gCX0,https://i.ytimg.com/vi/qmEjP01gCX0/mqdefault.jpg
高雄林小姐,4009,王力宏李靚蕾事你不煩嗎? 育嬰留職停薪男性越來越多 🍓20220112#高雄林小姐 #Vtuber​​​​ #台灣Vtuber​​​ #台V​​,2022-01-12T21:42:10Z,https://www.youtube.com/watch?v=MADBoSLpW3g,https://i.ytimg.com/vi/MADBoSLpW3g/mqdefault.jpg
泰多貝亞,4009,【好像還沒上鑽ㄉ欸配】來說說這VPN有多厲害,2022-01-19T03:59:59Z,https://www.youtube.com/watch?v=KnKkDCL4cgI,https://i.ytimg.com/vi/KnKkDCL4cgI/mqdefault.jpg
祈菈‧貝希毛絲,3998,【VRC】上班沒時間去逛場？超越時空的限制！我們一起虛擬逛場！ ft. @璐洛洛 Ruroro【人造人Vtuber】 @神崎 Channel  【祈菈．貝希毛絲】,2022-01-09T00:01:06Z,https://www.youtube.com/watch?v=B3FfUp4EFCA,https://i.ytimg.com/vi/B3FfUp4EFCA/mqdefault.jpg
高雄林小姐,3984,本土+23！南部人發怵｜權杖悠遊卡代替月亮懲罰誰？ 🍓20220121 #高雄林小姐 #Vtuber​​​​ #台灣Vtuber​​​ #台V​​,2022-01-21T21:36:14Z,https://www.youtube.com/watch?v=4jT2-fq1ZIM,https://i.ytimg.com/vi/4jT2-fq1ZIM/mqdefault.jpg
泰多貝亞,3977,【undertale】 屠殺線 開始 要開始準備面對Sansㄌ,2022-01-13T01:23:28Z,https://www.youtube.com/watch?v=AeX02wqWMgA,https://i.ytimg.com/vi/AeX02wqWMgA/mqdefault.jpg
高雄林小姐,3964,"國運籤中上,大家過好年 家家放年假,新冠沒放假 🍓20220201　#高雄林小姐 #Vtuber​​​​ #台灣Vtuber​​​ #台V​​",2022-02-01T21:59:08Z,https://www.youtube.com/watch?v=gtKkpatUcRQ,https://i.ytimg.com/vi/gtKkpatUcRQ/mqdefault.jpg
歐妲,3941,【Dark Soul 3 】我就不要敬老尊賢 ! !！ 【歐妲/惡獸時代】,2022-01-07T22:01:02Z,https://www.youtube.com/watch?v=38UNVr-Uvy0,https://i.ytimg.com/vi/38UNVr-Uvy0/mqdefault.jpg
洛可洛斯特,3931,【女孩子們的桌遊之夜！】電車難題！？所以我說為甚麼不能我全都要阿！ ft.貝塔、兔姬、塔芭絲可、祈菈【洛可洛斯特 / VTUBER】,2022-01-24T21:50:50Z,https://www.youtube.com/watch?v=RNZnDB0IuFQ,https://i.ytimg.com/vi/RNZnDB0IuFQ/mqdefault.jpg
高雄林小姐,3929,"桃某物流爆群聚7人確診｜警員弄獅灑錢,警局道歉 🍓20220202　#高雄林小姐 #Vtuber​​​​ #台灣Vtuber​​​ #台V​​",2022-02-02T21:34:44Z,https://www.youtube.com/watch?v=DvYeQsdhFY0,https://i.ytimg.com/vi/DvYeQsdhFY0/mqdefault.jpg
瑪格麗特．溫特斯,3922,【#瑪格麗特的茶會】香料熱紅酒🌼 🌼 🌼【瑪格麗特Vtuber】#瑪格麗特溫特斯 #聖誕點心,2022-01-25T23:21:14Z,https://www.youtube.com/watch?v=XnBVMN3aucY,https://i.ytimg.com/vi/XnBVMN3aucY/mqdefault.jpg
泰多貝亞,3910,【強迫症模擬器】大哥，別這麼幹，我快吐了,2022-01-21T00:28:24Z,https://www.youtube.com/watch?v=muft_4iRgoA,https://i.ytimg.com/vi/muft_4iRgoA/mqdefault.jpg
猫宮 バニラ,3910,[貓宮香草] 1/22 貓貓日  倒數一天 ~  !DC,2022-01-22T19:27:05Z,https://www.twitch.tv/videos/1272476570,https://static-cdn.jtvnw.net/cf_vods/d2nvs31859zcd8/a21d0039bdbce3162128_vanilla_shironeko_40462256475_1642879620//thumb/thumb0-%{width}x%{height}.jpg
歐貝爾,3898,【黑相集：棉蘭號】傳聞這座船的員工們登上船後都會過勞贖，安全逃脫的人都只會歐嚕歐嚕，究竟發生什麼事！？feat.祈菈‧貝希毛絲【歐貝爾．Vtuber】,2022-01-15T00:10:32Z,https://www.youtube.com/watch?v=KRfmcOMFfr0,https://i.ytimg.com/vi/KRfmcOMFfr0/mqdefault.jpg
歐妲,3896,【Mario Kart 8 】過年沾沾喜氣 ! 已經是第４集了啦～why 【歐妲/惡獸時代】,2022-02-02T18:59:20Z,https://www.youtube.com/watch?v=tWah8a3FA1U,https://i.ytimg.com/vi/tWah8a3FA1U/mqdefault.jpg
絨絨鼠,3890,【絨絨鼠】新年快樂 ✦你抖內，我守歲✦【Vtuber】,2022-01-31T04:31:00Z,https://www.twitch.tv/videos/1282029169,https://static-cdn.jtvnw.net/cf_vods/d2nvs31859zcd8/fcce9e51482e4a1f7265_mz_fuwafuwa_40492162315_1643603456//thumb/thumb0-%{width}x%{height}.jpg
平平子,3878,【宅男的人間冒險 Otaku's Adventure】我的老婆不可能這麼可愛⚡平平子也不是你婆,2022-01-22T23:39:21Z,https://www.youtube.com/watch?v=ILNi1yeXZRI,https://i.ytimg.com/vi/ILNi1yeXZRI/mqdefault.jpg
Aoi Hinamori,3874,【Kalimba患者睡睡#23】每週的舒眠卡林巴琴｜讓我用音樂來治癒你｜睡前雜談【AoiHinamori​​​​】,2022-01-28T05:06:33Z,https://www.youtube.com/watch?v=exSl-S7-LOY,https://i.ytimg.com/vi/exSl-S7-LOY/mqdefault.jpg
高雄林小姐,3872,"台灣之光穿中國隊服被撕｜出國一趟,病毒和賴清德好接近 🍓20220203　#高雄林小姐 #Vtuber​​​​ #台灣Vtuber​​​ #台V​​",2022-02-03T22:07:25Z,https://www.youtube.com/watch?v=TqnLQI9g8bA,https://i.ytimg.com/vi/TqnLQI9g8bA/mqdefault.jpg
杏仁ミル,3848,賞金90万の大会に参加ft.まさのりch、ミノリ,2022-02-04T10:14:54Z,https://www.twitch.tv/videos/1286490434,https://static-cdn.jtvnw.net/cf_vods/d2nvs31859zcd8/a65c32bfbb995573385a_vtuber_amiru_40504951643_1643969689//thumb/thumb0-%{width}x%{height}.jpg
仔魚,3847,"【仔魚】 1/25 ",2022-01-25T10:48:46Z,https://www.twitch.tv/videos/1275359874,https://static-cdn.jtvnw.net/cf_vods/d2nvs31859zcd8/a3aacfcf9ea553f0223f_ziifish_40472449291_1643107721//thumb/thumb0-%{width}x%{height}.jpg
高雄林小姐,3836,中油執行長涉收賄2700萬！抽屜現金多到滿出來...🍓20220127　#高雄林小姐 #Vtuber​​​​ #台灣Vtuber​​​ #台V​​,2022-01-27T22:33:54Z,https://www.youtube.com/watch?v=oA2Cdd1MlQw,https://i.ytimg.com/vi/oA2Cdd1MlQw/mqdefault.jpg
香草奈若,3831,深山閒聊，平常看不到的牛肉,2022-02-03T05:51:14Z,https://www.youtube.com/watch?v=qquLganiPZw,https://i.ytimg.com/vi/qquLganiPZw/mqdefault.jpg
Yu,3823,【GTA5】東黃金門2022年版新單人開門法11分51秒精英！佩里克島搶劫,2022-01-13T19:02:20Z,https://www.youtube.com/watch?v=Crwl4ezjZd0,https://i.ytimg.com/vi/Crwl4ezjZd0/mqdefault.jpg
海唧,3811,【Minecraft】肚子好餓，該去樓下拿我的A5和牛外送！！ft. 歐妲【海唧/惡獸時代】,2022-01-28T21:03:38Z,https://www.youtube.com/watch?v=GUjuQ6lRW6o,https://i.ytimg.com/vi/GUjuQ6lRW6o/mqdefault.jpg
泰多貝亞,3804,【八點檔配音】阿是要怎配啦幹  ft. 毳,2022-01-29T23:49:41Z,https://www.youtube.com/watch?v=JMOdtUPeobE,https://i.ytimg.com/vi/JMOdtUPeobE/mqdefault.jpg
說書客,3804,農曆新年又要見三姑六婆，有甚麼意義？你討厭農曆新年嗎？慶祝節日有意義嗎？ ：哲學說故事,2022-01-31T20:00:20Z,https://www.youtube.com/watch?v=dJqOLuBUgQI,https://i.ytimg.com/vi/dJqOLuBUgQI/mqdefault.jpg
塔芭絲可,3799,🐙台V日麻大賽初賽#2🐻下半場開始啦 祝大家虎年福氣到 過年就一起打打麻將對吧 @4Virtual TedoBear 泰多貝亞 【MiroLive/塔芭絲可】,2022-01-22T20:09:46Z,https://www.youtube.com/watch?v=vawWbBGLZD8,https://i.ytimg.com/vi/vawWbBGLZD8/mqdefault.jpg
如月ルミィ,3798,【歌回】一年後再來唱首次歌回的歌單會有進步嗎？【HKVTuber/如月瑠美】,2022-01-17T23:44:27Z,https://www.youtube.com/watch?v=jUinHMJj69M,https://i.ytimg.com/vi/jUinHMJj69M/mqdefault.jpg
高雄林小姐,3795,指揮中心被網譏製圖中心｜與病毒共存後果台灣人能接受? 🍓20220123　#高雄林小姐 #Vtuber​​​​ #台灣Vtuber​​​ #台V​​,2022-01-23T21:42:26Z,https://www.youtube.com/watch?v=7lswW6ZL7o0,https://i.ytimg.com/vi/7lswW6ZL7o0/mqdefault.jpg
歐妲,3794,【Pokémon Legends: Arceus】今天來挑戰一隻 Boss ?【歐妲/惡獸時代】,2022-01-30T13:51:10Z,https://www.youtube.com/watch?v=uV-73dysICs,https://i.ytimg.com/vi/uV-73dysICs/mqdefault.jpg
瑪格麗特．溫特斯,3790,【#瑪格麗特的茶會】The Artist 凝視【瑪格麗特Vtuber】#瑪格麗特溫特斯,2022-01-27T21:55:17Z,https://www.youtube.com/watch?v=BNxWu8bXv6g,https://i.ytimg.com/vi/BNxWu8bXv6g/mqdefault.jpg
Yu,3788,【GTA5實況】大年初一！恭喜發財！,2022-02-02T00:18:27Z,https://www.youtube.com/watch?v=waP7xUOiZak,https://i.ytimg.com/vi/waP7xUOiZak/mqdefault.jpg
塔芭絲可,3783,🐙台V日麻大賽初賽#3🐻第三場初賽開始啦 祝大家虎年行大運 過年一起打打麻將可以啦 @4Virtual TedoBear 泰多貝亞 【MiroLive/塔芭絲可】,2022-01-23T17:16:38Z,https://www.youtube.com/watch?v=3WKTmTGB88o,https://i.ytimg.com/vi/3WKTmTGB88o/mqdefault.jpg
瑪格麗特．溫特斯,3776,【#瑪格麗特的茶會】魔女的耳畔呢喃🌼【瑪格麗特Vtuber】#瑪格麗特溫特斯 #3DIO,2022-01-23T00:56:15Z,https://www.youtube.com/watch?v=tDINBjGWKGM,https://i.ytimg.com/vi/tDINBjGWKGM/mqdefault.jpg
泰多貝亞,3773,【週日腸談】fuck2022，難道我們2022年的不幸越來越不妙了嘛?,2022-01-23T22:45:11Z,https://www.youtube.com/watch?v=xTPM56q9y8U,https://i.ytimg.com/vi/xTPM56q9y8U/mqdefault.jpg
洛可洛斯特,3773,【？】洛可洛斯特有一個夢想is養一隻貓。【洛可洛斯特 / VTUBER】,2022-01-18T23:34:50Z,https://www.youtube.com/watch?v=bukZcBTsEnQ,https://i.ytimg.com/vi/bukZcBTsEnQ/mqdefault.jpg
塔芭絲可,3763,🍻美味水女子會🍻今天中文禁止酒雜.說了一句喝一口 with @悠白Ubye 【MiroLive/塔芭絲可】,2022-01-20T00:18:48Z,https://www.youtube.com/watch?v=49SRxS3aHkg,https://i.ytimg.com/vi/49SRxS3aHkg/mqdefault.jpg
瑪格麗特．溫特斯,3756,除夕夜該做些什麼？？？,2022-01-31T19:00:33Z,https://www.youtube.com/watch?v=oM5OtXzp6PQ,https://i.ytimg.com/vi/oM5OtXzp6PQ/mqdefault.jpg
語風薯薯與愛紗公主,3749,【闇影詩章】replay回顧➤偷掛一張意外的好用！現環境用來抵抗OTK又能提前收頭的戰術用牌➧指定T2OoS〈shadowverse/シャドウバース〉,2022-01-17T19:56:08Z,https://www.youtube.com/watch?v=N50PJPKHXxU,https://i.ytimg.com/vi/N50PJPKHXxU/mqdefault.jpg
貓祭,3749,【6000耐久】新年開心嗎 ? 親戚又想幹嘛了 ? 你結婚了沒啦 ?!  #貓祭 #Vtuber #雜談,2022-01-16T03:18:44Z,https://www.youtube.com/watch?v=8Qq9wZGb68U,https://i.ytimg.com/vi/8Qq9wZGb68U/mqdefault.jpg
阿爾姿,3737,【原神】我的可莉～我回來啦！【阿爾姿/惡獸時代】,2022-01-19T18:31:59Z,https://www.youtube.com/watch?v=vXww2BJswg4,https://i.ytimg.com/vi/vXww2BJswg4/mqdefault.jpg
米亞,3714,【精華】吓？只是為了OO就投下巨額SC？面對各種炎上危機，能做出神對應嗎！【米亞】,2022-01-14T18:13:50Z,https://www.youtube.com/watch?v=MnpPN0FMxqo,https://i.ytimg.com/vi/MnpPN0FMxqo/mqdefault.jpg
Asa Ifrit,3713,【SICK】養病直播怒聊NFT【AsaIfrit】#asalive,2022-01-20T22:47:33Z,https://www.youtube.com/watch?v=565ftandJzs,https://i.ytimg.com/vi/565ftandJzs/mqdefault.jpg